idfile,AcquiredTime,PepSeq,RT,MZ,Charge,TotalArea,MassAccu,FWHM
14811,21:00.0,EAC(Carbamidomethyl)FAVEGPK,734.913,554.261,2,2.36E+08,-0.0652368,2.04135
14811,21:00.0,EC(Carbamidomethyl)C(Carbamidomethyl)HGDLLEC(Carbamidomethyl)ADDR,715.251,583.893,3,1.88E+08,0.256613,1.90107
14811,21:00.0,EYEATLEEC(Carbamidomethyl)C(Carbamidomethyl)AK,721.887,751.81,2,1.54E+07,-0.296579,1.85994
14811,21:00.0,HLVDEPQNLIK,739.787,653.362,2,9.38E+08,0.111099,1.97179
14811,21:00.0,LVNELTEFAK,792.17,582.319,2,6.85E+08,0.0907428,1.67105
14811,21:00.0,NEC(Carbamidomethyl)FLSHK,675.845,517.74,2,3.88E+08,0.0501789,1.9509
14811,21:00.0,SLHTLFGDELC(Carbamidomethyl)K,777.652,710.35,2,7.87E+07,-0.444063,1.83461
14811,21:00.0,TC(Carbamidomethyl)VADESHAGC(Carbamidomethyl)EK,0,0,0,0,0,0
14811,21:00.0,VPQVSTPTLVEVSR,786.223,756.425,2,2.55E+07,-0.282063,1.82582
14811,21:00.0,YIC(Carbamidomethyl)DNQDTISSK,699.507,722.325,2,5.05E+08,0.0544483,1.73756
14820,35:00.0,EAC(Carbamidomethyl)FAVEGPK,733.454,554.26,2,2.44E+08,-0.315271,2.26824
14820,35:00.0,EC(Carbamidomethyl)C(Carbamidomethyl)HGDLLEC(Carbamidomethyl)ADDR,713.536,583.892,3,1.65E+08,-0.0430617,2.10051
14820,35:00.0,EYEATLEEC(Carbamidomethyl)C(Carbamidomethyl)AK,0,0,0,0,0,0
14820,35:00.0,HLVDEPQNLIK,738.144,653.362,2,9.22E+08,0.00216624,1.91955
14820,35:00.0,LVNELTEFAK,789.998,582.319,2,6.87E+08,-0.171146,1.70911
14820,35:00.0,NEC(Carbamidomethyl)FLSHK,673.837,517.74,2,4.23E+08,-0.0175439,1.74517
14820,35:00.0,SLHTLFGDELC(Carbamidomethyl)K,774.043,710.35,2,9.83E+07,-0.355953,1.77211
14820,35:00.0,TC(Carbamidomethyl)VADESHAGC(Carbamidomethyl)EK,0,0,3,0,0,0
14820,35:00.0,VPQVSTPTLVEVSR,783.716,756.425,2,2.85E+07,-0.455657,2.10704
14820,35:00.0,YIC(Carbamidomethyl)DNQDTISSK,696.594,722.325,2,4.44E+08,-0.14022,1.88864
14844,16:00.0,EAC(Carbamidomethyl)FAVEGPK,737.461,554.261,2,2.73E+08,-0.0812996,2.18593
14844,16:00.0,EC(Carbamidomethyl)C(Carbamidomethyl)HGDLLEC(Carbamidomethyl)ADDR,717.317,583.893,3,1.81E+08,0.390791,1.94181
14844,16:00.0,EYEATLEEC(Carbamidomethyl)C(Carbamidomethyl)AK,724.324,751.81,2,1.72E+07,-0.423489,1.89303
14844,16:00.0,HLVDEPQNLIK,742.666,653.362,2,9.91E+08,0.207019,2.10807
14844,16:00.0,LVNELTEFAK,792.81,582.319,2,8.92E+08,0.163607,1.71742
14844,16:00.0,NEC(Carbamidomethyl)FLSHK,675.946,517.74,2,3.12E+08,0.065679,1.84024
14844,16:00.0,SLHTLFGDELC(Carbamidomethyl)K,778.92,710.35,2,1.16E+08,-0.251957,1.77797
14844,16:00.0,TC(Carbamidomethyl)VADESHAGC(Carbamidomethyl)EK,0,0,0,0,0,0
14844,16:00.0,VPQVSTPTLVEVSR,787.185,756.425,2,4.14E+07,-0.374677,1.82634
14844,16:00.0,YIC(Carbamidomethyl)DNQDTISSK,701.323,722.325,2,4.80E+08,0.158675,1.92746
14862,51:00.0,EAC(Carbamidomethyl)FAVEGPK,746.237,554.261,2,1.15E+08,-0.0770203,2.15107
14862,51:00.0,EC(Carbamidomethyl)C(Carbamidomethyl)HGDLLEC(Carbamidomethyl)ADDR,725.03,583.893,3,7.97E+07,0.302602,2.0733
14862,51:00.0,EYEATLEEC(Carbamidomethyl)C(Carbamidomethyl)AK,732.676,751.81,2,8.54E+06,-0.306707,1.92866
14862,51:00.0,HLVDEPQNLIK,750.45,653.362,2,3.81E+08,0.269929,1.9399
14862,51:00.0,LVNELTEFAK,804.248,582.319,2,3.42E+08,0.200136,1.84391
14862,51:00.0,NEC(Carbamidomethyl)FLSHK,683.206,517.74,2,1.55E+08,0.151551,1.94145
14862,51:00.0,SLHTLFGDELC(Carbamidomethyl)K,788.24,710.35,2,2.64E+07,-0.254423,1.73814
14862,51:00.0,TC(Carbamidomethyl)VADESHAGC(Carbamidomethyl)EK,0,0,0,0,0,0
14862,51:00.0,VPQVSTPTLVEVSR,797.536,756.425,2,2.00E+07,-0.311007,2.07534
14862,51:00.0,YIC(Carbamidomethyl)DNQDTISSK,708.716,722.325,2,2.55E+08,0.24815,1.88136
14892,50:00.0,EAC(Carbamidomethyl)FAVEGPK,735.402,554.26,2,1.41E+08,-0.176492,2.14123
14892,50:00.0,EC(Carbamidomethyl)C(Carbamidomethyl)HGDLLEC(Carbamidomethyl)ADDR,714.768,583.892,3,8.98E+07,0.119233,2.0899
14892,50:00.0,EYEATLEEC(Carbamidomethyl)C(Carbamidomethyl)AK,721.928,751.81,2,1.05E+07,-0.405185,1.73723
14892,50:00.0,HLVDEPQNLIK,739.865,653.362,2,5.91E+08,0.0990983,1.91694
14892,50:00.0,LVNELTEFAK,793.503,582.319,2,4.77E+08,0.108955,1.69765
14892,50:00.0,NEC(Carbamidomethyl)FLSHK,673.884,517.74,2,2.71E+08,0.175336,1.81103
14892,50:00.0,SLHTLFGDELC(Carbamidomethyl)K,778.519,710.35,2,4.99E+07,-0.343377,1.59841
14892,50:00.0,TC(Carbamidomethyl)VADESHAGC(Carbamidomethyl)EK,0,0,0,0,0,0
14892,50:00.0,VPQVSTPTLVEVSR,787.253,756.425,2,4.21E+07,-0.345273,1.9208
14892,50:00.0,YIC(Carbamidomethyl)DNQDTISSK,698.18,722.325,2,3.09E+08,0.0473277,1.82655
14900,18:00.0,EAC(Carbamidomethyl)FAVEGPK,732.109,554.26,2,1.44E+08,-0.185482,2.07606
14900,18:00.0,EC(Carbamidomethyl)C(Carbamidomethyl)HGDLLEC(Carbamidomethyl)ADDR,711.318,583.892,3,8.12E+07,-0.0480316,1.89939
14900,18:00.0,EYEATLEEC(Carbamidomethyl)C(Carbamidomethyl)AK,718.486,751.81,2,9.51E+06,-0.614653,1.77382
14900,18:00.0,HLVDEPQNLIK,736.172,653.362,2,5.45E+08,0.0620613,1.92247
14900,18:00.0,LVNELTEFAK,789.51,582.319,2,4.28E+08,-0.143625,1.67389
14900,18:00.0,NEC(Carbamidomethyl)FLSHK,668.697,517.74,2,2.38E+08,0.0356722,1.77405
14900,18:00.0,SLHTLFGDELC(Carbamidomethyl)K,774.494,710.35,2,3.95E+07,-0.545441,1.79326
14900,18:00.0,TC(Carbamidomethyl)VADESHAGC(Carbamidomethyl)EK,0,0,0,0,0,0
14900,18:00.0,VPQVSTPTLVEVSR,783.679,756.425,2,4.38E+07,-0.448428,1.92075
14900,18:00.0,YIC(Carbamidomethyl)DNQDTISSK,696.275,722.325,2,3.02E+08,-0.125537,1.90526
14911,54:00.0,EAC(Carbamidomethyl)FAVEGPK,750.772,554.261,2,1.08E+08,-0.127698,2.19622
14911,54:00.0,EC(Carbamidomethyl)C(Carbamidomethyl)HGDLLEC(Carbamidomethyl)ADDR,728.795,583.892,3,6.33E+07,-0.18108,2.41788
14911,54:00.0,EYEATLEEC(Carbamidomethyl)C(Carbamidomethyl)AK,0,0,0,0,0,0
14911,54:00.0,HLVDEPQNLIK,754.901,653.362,2,4.11E+08,-0.14605,2.21193
14911,54:00.0,LVNELTEFAK,807.678,582.319,2,3.85E+08,-0.136435,1.84063
14911,54:00.0,NEC(Carbamidomethyl)FLSHK,686.943,517.74,2,1.97E+08,-0.0317662,1.70223
14911,54:00.0,SLHTLFGDELC(Carbamidomethyl)K,793.479,710.35,2,2.65E+07,-1.01636,1.88821
14911,54:00.0,TC(Carbamidomethyl)VADESHAGC(Carbamidomethyl)EK,0,0,0,0,0,0
14911,54:00.0,VPQVSTPTLVEVSR,801.861,756.425,2,4.33E+07,-0.283721,1.98008
14911,54:00.0,YIC(Carbamidomethyl)DNQDTISSK,711.933,722.325,2,1.93E+08,-0.230097,1.946
14920,44:00.0,EAC(Carbamidomethyl)FAVEGPK,777.128,554.26,2,1.16E+08,-0.159351,2.31645
14920,44:00.0,EC(Carbamidomethyl)C(Carbamidomethyl)HGDLLEC(Carbamidomethyl)ADDR,753.846,583.892,3,6.57E+07,-0.0947426,2.25234
14920,44:00.0,EYEATLEEC(Carbamidomethyl)C(Carbamidomethyl)AK,0,0,0,0,0,0
14920,44:00.0,HLVDEPQNLIK,781.234,653.362,2,4.42E+08,-0.112528,2.15092
14920,44:00.0,LVNELTEFAK,834.483,582.319,2,4.16E+08,0.0462962,1.7944
14920,44:00.0,NEC(Carbamidomethyl)FLSHK,704.763,517.74,2,2.16E+08,0.164435,2.18109
14920,44:00.0,SLHTLFGDELC(Carbamidomethyl)K,820.042,710.35,2,3.01E+07,-0.555179,2.00929
14920,44:00.0,TC(Carbamidomethyl)VADESHAGC(Carbamidomethyl)EK,0,0,0,0,0,0
14920,44:00.0,VPQVSTPTLVEVSR,828.275,756.425,2,4.89E+07,-0.399388,2.22459
14920,44:00.0,YIC(Carbamidomethyl)DNQDTISSK,736.251,722.325,2,2.55E+08,-0.216179,2.24512
14931,41:00.0,EAC(Carbamidomethyl)FAVEGPK,745.816,554.26,2,1.16E+08,-0.173315,2.34734
14931,41:00.0,EC(Carbamidomethyl)C(Carbamidomethyl)HGDLLEC(Carbamidomethyl)ADDR,725.289,583.892,3,6.14E+07,-0.071117,2.16633
14931,41:00.0,EYEATLEEC(Carbamidomethyl)C(Carbamidomethyl)AK,0,0,0,0,0,0
14931,41:00.0,HLVDEPQNLIK,750.607,653.362,2,3.81E+08,-0.0407098,2.26664
14931,41:00.0,LVNELTEFAK,806.721,582.319,2,3.91E+08,0.00798237,1.88894
14931,41:00.0,NEC(Carbamidomethyl)FLSHK,682.245,517.74,2,2.25E+08,0.117959,1.89511
14931,41:00.0,SLHTLFGDELC(Carbamidomethyl)K,790.467,710.35,2,2.75E+07,-0.372567,2.08163
14931,41:00.0,TC(Carbamidomethyl)VADESHAGC(Carbamidomethyl)EK,0,0,0,0,0,0
14931,41:00.0,VPQVSTPTLVEVSR,800.17,756.425,2,5.32E+07,-0.344075,2.14943
14931,41:00.0,YIC(Carbamidomethyl)DNQDTISSK,708.326,722.325,2,2.37E+08,-0.124711,2.05576
14957,03:00.0,EAC(Carbamidomethyl)FAVEGPK,0,0,0,0,0,0
14957,03:00.0,EC(Carbamidomethyl)C(Carbamidomethyl)HGDLLEC(Carbamidomethyl)ADDR,699.83,583.893,3,9.60E+07,0.438358,1.01111
14957,03:00.0,EYEATLEEC(Carbamidomethyl)C(Carbamidomethyl)AK,703.862,751.81,2,1.20E+07,-0.223691,0.946532
14957,03:00.0,HLVDEPQNLIK,723.093,653.362,2,6.49E+08,0.408176,1.87079
14957,03:00.0,LVNELTEFAK,772.02,582.319,2,4.11E+08,-0.0195437,1.50609
14957,03:00.0,NEC(Carbamidomethyl)FLSHK,663.642,517.74,2,1.88E+08,0.0543926,2.08291
14957,03:00.0,SLHTLFGDELC(Carbamidomethyl)K,758.886,710.35,2,2.85E+07,-0.268808,1.26299
14957,03:00.0,TC(Carbamidomethyl)VADESHAGC(Carbamidomethyl)EK,0,0,3,0,0,0
14957,03:00.0,VPQVSTPTLVEVSR,764.548,756.425,2,2.58E+07,-0.222893,1.62635
14957,03:00.0,YIC(Carbamidomethyl)DNQDTISSK,683.997,722.325,2,3.38E+08,0.37373,1.48448
14971,01:00.0,EAC(Carbamidomethyl)FAVEGPK,0,0,2,0,0,0
14971,01:00.0,EC(Carbamidomethyl)C(Carbamidomethyl)HGDLLEC(Carbamidomethyl)ADDR,699.91,583.893,3,1.70E+08,0.89686,1.79665
14971,01:00.0,EYEATLEEC(Carbamidomethyl)C(Carbamidomethyl)AK,705.15,751.81,2,1.08E+07,-0.234186,2.30774
14971,01:00.0,HLVDEPQNLIK,724.104,653.362,2,7.47E+08,0.534734,1.8749
14971,01:00.0,LVNELTEFAK,772.739,582.319,2,4.17E+08,0.453481,1.58694
14971,01:00.0,NEC(Carbamidomethyl)FLSHK,663.958,517.74,2,2.29E+08,0.302898,1.49747
14971,01:00.0,SLHTLFGDELC(Carbamidomethyl)K,759.346,710.35,2,3.29E+07,-0.0753682,1.53539
14971,01:00.0,TC(Carbamidomethyl)VADESHAGC(Carbamidomethyl)EK,0,0,3,0,0,0
14971,01:00.0,VPQVSTPTLVEVSR,765.816,756.425,2,3.20E+07,-0.293306,1.81671
14971,01:00.0,YIC(Carbamidomethyl)DNQDTISSK,0,0,0,0,0,0
14980,03:00.0,EAC(Carbamidomethyl)FAVEGPK,719.137,554.261,2,1.77E+08,0.295948,1.91063
14980,03:00.0,EC(Carbamidomethyl)C(Carbamidomethyl)HGDLLEC(Carbamidomethyl)ADDR,698.629,583.893,3,1.84E+08,1.00229,1.77281
14980,03:00.0,EYEATLEEC(Carbamidomethyl)C(Carbamidomethyl)AK,703.711,751.81,2,1.57E+07,-0.202876,1.86509
14980,03:00.0,HLVDEPQNLIK,724.121,653.362,2,6.31E+08,0.534215,1.54921
14980,03:00.0,LVNELTEFAK,772.127,582.319,2,5.61E+08,0.487485,1.61623
14980,03:00.0,NEC(Carbamidomethyl)FLSHK,661.771,517.74,2,1.71E+08,0.233709,1.04454
14980,03:00.0,SLHTLFGDELC(Carbamidomethyl)K,758.953,710.35,2,3.66E+07,-0.231034,1.3322
14980,03:00.0,TC(Carbamidomethyl)VADESHAGC(Carbamidomethyl)EK,0,0,0,0,0,0
14980,03:00.0,VPQVSTPTLVEVSR,765.527,756.425,2,3.48E+07,-0.278355,1.74745
14980,03:00.0,YIC(Carbamidomethyl)DNQDTISSK,683.029,722.325,2,3.56E+08,0.642039,1.89238
14984,07:00.0,EAC(Carbamidomethyl)FAVEGPK,719.183,554.261,2,1.01E+08,0.317984,1.02938
14984,07:00.0,EC(Carbamidomethyl)C(Carbamidomethyl)HGDLLEC(Carbamidomethyl)ADDR,0,0,0,0,0,0
14984,07:00.0,EYEATLEEC(Carbamidomethyl)C(Carbamidomethyl)AK,705.155,751.81,2,1.41E+07,-0.23597,1.59314
14984,07:00.0,HLVDEPQNLIK,724.378,653.362,2,6.85E+08,0.542311,1.73551
14984,07:00.0,LVNELTEFAK,772.984,582.319,2,6.02E+08,0.520668,1.69211
14984,07:00.0,NEC(Carbamidomethyl)FLSHK,662.8,517.74,2,2.21E+08,0.25201,1.674
14984,07:00.0,SLHTLFGDELC(Carbamidomethyl)K,759.39,710.35,2,4.95E+07,-0.132676,1.51843
14984,07:00.0,TC(Carbamidomethyl)VADESHAGC(Carbamidomethyl)EK,0,0,3,0,0,0
14984,07:00.0,VPQVSTPTLVEVSR,765.933,756.425,2,4.65E+07,-0.229653,1.81362
14984,07:00.0,YIC(Carbamidomethyl)DNQDTISSK,683.459,722.325,2,3.50E+08,0.618325,1.75997
14992,10:00.0,EAC(Carbamidomethyl)FAVEGPK,0,0,2,0,0,0
14992,10:00.0,EC(Carbamidomethyl)C(Carbamidomethyl)HGDLLEC(Carbamidomethyl)ADDR,699.435,583.893,3,1.35E+08,0.774942,1.45933
14992,10:00.0,EYEATLEEC(Carbamidomethyl)C(Carbamidomethyl)AK,704.864,751.81,2,9.78E+06,-0.258904,1.23638
14992,10:00.0,HLVDEPQNLIK,724.118,653.362,2,6.26E+08,0.406409,1.6389
14992,10:00.0,LVNELTEFAK,773.384,582.319,2,5.29E+08,0.402793,1.74911
14992,10:00.0,NEC(Carbamidomethyl)FLSHK,662.179,517.74,2,2.35E+08,0.252998,1.68359
14992,10:00.0,SLHTLFGDELC(Carbamidomethyl)K,758.608,710.35,2,3.98E+07,-0.266989,1.38087
14992,10:00.0,TC(Carbamidomethyl)VADESHAGC(Carbamidomethyl)EK,0,0,3,0,0,0
14992,10:00.0,VPQVSTPTLVEVSR,765.933,756.425,2,5.32E+07,-0.293611,1.80646
14992,10:00.0,YIC(Carbamidomethyl)DNQDTISSK,682.795,722.325,2,3.35E+08,0.45849,1.76502
15004,14:00.0,EAC(Carbamidomethyl)FAVEGPK,720.988,554.261,2,1.12E+08,0.0536155,1.33609
15004,14:00.0,EC(Carbamidomethyl)C(Carbamidomethyl)HGDLLEC(Carbamidomethyl)ADDR,701.507,583.893,3,1.36E+08,0.448905,1.68795
15004,14:00.0,EYEATLEEC(Carbamidomethyl)C(Carbamidomethyl)AK,706.305,751.81,2,1.35E+07,-0.323599,1.76899
15004,14:00.0,HLVDEPQNLIK,726.35,653.362,2,6.58E+08,0.427953,1.82596
15004,14:00.0,LVNELTEFAK,773.591,582.319,2,6.04E+08,0.283138,1.68296
15004,14:00.0,NEC(Carbamidomethyl)FLSHK,662.785,517.74,2,2.57E+08,0.132464,1.73049
15004,14:00.0,SLHTLFGDELC(Carbamidomethyl)K,760.451,710.35,2,4.18E+07,-0.235559,1.58325
15004,14:00.0,TC(Carbamidomethyl)VADESHAGC(Carbamidomethyl)EK,0,0,0,0,0,0
15004,14:00.0,VPQVSTPTLVEVSR,766.637,756.425,2,6.23E+07,-0.388912,1.62982
15004,14:00.0,YIC(Carbamidomethyl)DNQDTISSK,684.804,722.325,2,1.73E+08,0.295952,0.619276
15013,18:00.0,EAC(Carbamidomethyl)FAVEGPK,720.224,554.261,2,1.31E+08,0.0513345,2.03538
15013,18:00.0,EC(Carbamidomethyl)C(Carbamidomethyl)HGDLLEC(Carbamidomethyl)ADDR,702.092,583.893,3,1.33E+08,0.542242,1.96397
15013,18:00.0,EYEATLEEC(Carbamidomethyl)C(Carbamidomethyl)AK,707.201,751.81,2,1.07E+07,-0.322936,2.00496
15013,18:00.0,HLVDEPQNLIK,724.693,653.362,2,5.44E+08,0.328861,1.95858
15013,18:00.0,LVNELTEFAK,772.65,582.319,2,5.75E+08,0.381598,1.213
15013,18:00.0,NEC(Carbamidomethyl)FLSHK,663.906,517.74,2,2.14E+08,0.183444,1.48594
15013,18:00.0,SLHTLFGDELC(Carbamidomethyl)K,759.571,710.35,2,5.19E+07,-0.192606,1.52932
15013,18:00.0,TC(Carbamidomethyl)VADESHAGC(Carbamidomethyl)EK,0,0,0,0,0,0
15013,18:00.0,VPQVSTPTLVEVSR,766.015,756.425,2,8.47E+07,-0.360298,1.66654
15013,18:00.0,YIC(Carbamidomethyl)DNQDTISSK,685.33,722.325,2,3.24E+08,0.28507,1.99344
15021,23:00.0,EAC(Carbamidomethyl)FAVEGPK,721.896,554.261,2,1.39E+08,0.0471368,1.7332
15021,23:00.0,EC(Carbamidomethyl)C(Carbamidomethyl)HGDLLEC(Carbamidomethyl)ADDR,702.633,583.893,3,1.09E+08,0.26022,2.06463
15021,23:00.0,EYEATLEEC(Carbamidomethyl)C(Carbamidomethyl)AK,707.428,751.81,2,8.37E+06,-0.295929,1.53207
15021,23:00.0,HLVDEPQNLIK,727.15,653.362,2,6.31E+08,0.54567,1.85799
15021,23:00.0,LVNELTEFAK,776.342,582.319,2,6.00E+08,0.282511,1.56492
15021,23:00.0,NEC(Carbamidomethyl)FLSHK,664.879,517.74,2,2.36E+08,0.128112,1.77784
15021,23:00.0,SLHTLFGDELC(Carbamidomethyl)K,762.612,710.35,2,6.06E+07,-0.253411,1.58184
15021,23:00.0,TC(Carbamidomethyl)VADESHAGC(Carbamidomethyl)EK,0,0,0,0,0,0
15021,23:00.0,VPQVSTPTLVEVSR,0,0,2,0,0,0
15021,23:00.0,YIC(Carbamidomethyl)DNQDTISSK,686.668,722.325,2,2.66E+08,0.0940026,1.66288
15031,28:00.0,EAC(Carbamidomethyl)FAVEGPK,720.779,554.261,2,1.41E+08,-0.0866814,1.99313
15031,28:00.0,EC(Carbamidomethyl)C(Carbamidomethyl)HGDLLEC(Carbamidomethyl)ADDR,701.767,583.892,3,1.07E+08,0.0711513,1.96984
15031,28:00.0,EYEATLEEC(Carbamidomethyl)C(Carbamidomethyl)AK,0,0,2,0,0,0
15031,28:00.0,HLVDEPQNLIK,726.167,653.362,2,5.97E+08,0.233404,1.73111
15031,28:00.0,LVNELTEFAK,773.917,582.319,2,6.65E+08,0.428392,1.59937
15031,28:00.0,NEC(Carbamidomethyl)FLSHK,665.784,517.74,2,2.45E+08,0.0519835,1.82864
15031,28:00.0,SLHTLFGDELC(Carbamidomethyl)K,760.241,710.35,2,6.06E+07,-0.293781,1.69317
15031,28:00.0,TC(Carbamidomethyl)VADESHAGC(Carbamidomethyl)EK,0,0,0,0,0,0
15031,28:00.0,VPQVSTPTLVEVSR,766.8,756.425,2,1.22E+08,-0.362625,1.92481
15031,28:00.0,YIC(Carbamidomethyl)DNQDTISSK,685.815,722.325,2,2.68E+08,-0.193336,1.90321
15044,26:00.0,EAC(Carbamidomethyl)FAVEGPK,731.641,554.261,2,1.44E+08,0.433394,1.8802
15044,26:00.0,EC(Carbamidomethyl)C(Carbamidomethyl)HGDLLEC(Carbamidomethyl)ADDR,710.088,583.893,3,1.09E+08,1.12345,2.02366
15044,26:00.0,EYEATLEEC(Carbamidomethyl)C(Carbamidomethyl)AK,716.357,751.81,2,1.01E+07,-0.108332,1.99849
15044,26:00.0,HLVDEPQNLIK,736.531,653.362,2,5.80E+08,0.475266,1.82798
15044,26:00.0,LVNELTEFAK,785.08,582.319,2,7.20E+08,0.480118,1.2987
15044,26:00.0,NEC(Carbamidomethyl)FLSHK,669.55,517.74,2,1.44E+08,0.307597,1.23051
15044,26:00.0,SLHTLFGDELC(Carbamidomethyl)K,770.968,710.35,2,5.13E+07,-0.252449,1.52349
15044,26:00.0,TC(Carbamidomethyl)VADESHAGC(Carbamidomethyl)EK,0,0,0,0,0,0
15044,26:00.0,VPQVSTPTLVEVSR,778.166,756.425,2,1.70E+08,-0.000644971,1.64729
15044,26:00.0,YIC(Carbamidomethyl)DNQDTISSK,691.721,722.325,2,2.73E+08,0.595886,1.89519
15048,34:00.0,EAC(Carbamidomethyl)FAVEGPK,722.691,554.261,2,1.50E+08,0.227002,2.28545
15048,34:00.0,EC(Carbamidomethyl)C(Carbamidomethyl)HGDLLEC(Carbamidomethyl)ADDR,702.749,583.893,3,1.31E+08,0.761004,2.15861
15048,34:00.0,EYEATLEEC(Carbamidomethyl)C(Carbamidomethyl)AK,708.604,751.81,2,1.37E+07,-0.203726,1.7632
15048,34:00.0,HLVDEPQNLIK,727.774,653.362,2,6.47E+08,0.524754,1.67403
15048,34:00.0,LVNELTEFAK,776.667,582.319,2,6.24E+08,0.442465,1.47254
15048,34:00.0,NEC(Carbamidomethyl)FLSHK,665.108,517.74,2,2.68E+08,0.127677,1.57252
15048,34:00.0,SLHTLFGDELC(Carbamidomethyl)K,763.41,710.35,2,5.16E+07,-0.232999,1.48729
15048,34:00.0,TC(Carbamidomethyl)VADESHAGC(Carbamidomethyl)EK,0,0,0,0,0,0
15048,34:00.0,VPQVSTPTLVEVSR,769.968,756.425,2,1.32E+08,0.133971,1.68718
15048,34:00.0,YIC(Carbamidomethyl)DNQDTISSK,686.759,722.325,2,3.55E+08,0.577528,1.6533
15061,49:00.0,EAC(Carbamidomethyl)FAVEGPK,722.324,554.261,2,1.58E+08,0.0413468,1.61212
15061,49:00.0,EC(Carbamidomethyl)C(Carbamidomethyl)HGDLLEC(Carbamidomethyl)ADDR,0,0,0,0,0,0
15061,49:00.0,EYEATLEEC(Carbamidomethyl)C(Carbamidomethyl)AK,708.948,751.81,2,1.41E+07,-0.352115,1.79144
15061,49:00.0,HLVDEPQNLIK,727.201,653.362,2,6.45E+08,0.448842,1.44948
15061,49:00.0,LVNELTEFAK,776.204,582.319,2,6.42E+08,0.583549,1.54236
15061,49:00.0,NEC(Carbamidomethyl)FLSHK,664.414,517.74,2,2.54E+08,0.0734349,1.75836
15061,49:00.0,SLHTLFGDELC(Carbamidomethyl)K,762.935,710.35,2,5.43E+07,-0.276808,1.71308
15061,49:00.0,TC(Carbamidomethyl)VADESHAGC(Carbamidomethyl)EK,0,0,0,0,0,0
15061,49:00.0,VPQVSTPTLVEVSR,769.857,756.425,2,2.41E+08,-0.308855,1.84975
15061,49:00.0,YIC(Carbamidomethyl)DNQDTISSK,686.273,722.325,2,3.36E+08,0.329233,1.59696
15069,55:00.0,EAC(Carbamidomethyl)FAVEGPK,723.076,554.261,2,1.44E+08,0.0691313,1.84747
15069,55:00.0,EC(Carbamidomethyl)C(Carbamidomethyl)HGDLLEC(Carbamidomethyl)ADDR,704.142,583.893,3,9.89E+07,0.3417,1.96834
15069,55:00.0,EYEATLEEC(Carbamidomethyl)C(Carbamidomethyl)AK,709.653,751.81,2,9.41E+06,-0.380997,1.65109
15069,55:00.0,HLVDEPQNLIK,728.242,653.362,2,7.04E+08,0.366744,1.7056
15069,55:00.0,LVNELTEFAK,778.257,582.319,2,5.72E+08,0.184829,1.65086
15069,55:00.0,NEC(Carbamidomethyl)FLSHK,665.39,517.74,2,1.94E+08,0.108944,1.86385
15069,55:00.0,SLHTLFGDELC(Carbamidomethyl)K,763.636,710.35,2,5.58E+07,-0.247663,1.41039
15069,55:00.0,TC(Carbamidomethyl)VADESHAGC(Carbamidomethyl)EK,0,0,3,0,0,0
15069,55:00.0,VPQVSTPTLVEVSR,771.239,756.425,2,2.23E+08,-0.23792,1.9128
15069,55:00.0,YIC(Carbamidomethyl)DNQDTISSK,686.295,722.325,2,2.82E+08,0.364459,1.88716
15078,02:00.0,EAC(Carbamidomethyl)FAVEGPK,722.093,554.261,2,1.54E+08,0.0981937,1.9592
15078,02:00.0,EC(Carbamidomethyl)C(Carbamidomethyl)HGDLLEC(Carbamidomethyl)ADDR,703.944,583.893,3,9.90E+07,0.506921,1.68589
15078,02:00.0,EYEATLEEC(Carbamidomethyl)C(Carbamidomethyl)AK,708.924,751.81,2,9.92E+06,-0.164223,1.47166
15078,02:00.0,HLVDEPQNLIK,727.16,653.362,2,5.64E+08,0.342221,1.99686
15078,02:00.0,LVNELTEFAK,776.124,582.319,2,5.52E+08,0.258051,1.45629
15078,02:00.0,NEC(Carbamidomethyl)FLSHK,664.896,517.74,2,1.90E+08,0.24671,1.7644
15078,02:00.0,SLHTLFGDELC(Carbamidomethyl)K,763.284,710.35,2,5.62E+07,-0.240896,1.51201
15078,02:00.0,TC(Carbamidomethyl)VADESHAGC(Carbamidomethyl)EK,0,0,0,0,0,0
15078,02:00.0,VPQVSTPTLVEVSR,770.083,756.425,2,2.18E+08,-0.148932,1.75867
15078,02:00.0,YIC(Carbamidomethyl)DNQDTISSK,686.777,722.325,2,2.78E+08,0.417559,1.71899
15086,08:00.0,EAC(Carbamidomethyl)FAVEGPK,724.098,554.261,2,2.50E+08,0.246944,1.69209
15086,08:00.0,EC(Carbamidomethyl)C(Carbamidomethyl)HGDLLEC(Carbamidomethyl)ADDR,704.046,583.893,3,1.38E+08,0.807936,2.04484
15086,08:00.0,EYEATLEEC(Carbamidomethyl)C(Carbamidomethyl)AK,710.189,751.81,2,1.18E+07,-0.191178,1.56112
15086,08:00.0,HLVDEPQNLIK,729.365,653.362,2,8.10E+08,0.427189,1.55301
15086,08:00.0,LVNELTEFAK,777.748,582.319,2,6.03E+08,0.400542,1.39705
15086,08:00.0,NEC(Carbamidomethyl)FLSHK,665.751,517.74,2,2.83E+08,0.203869,1.71906
15086,08:00.0,SLHTLFGDELC(Carbamidomethyl)K,764.286,710.35,2,5.39E+07,-0.227961,1.71812
15086,08:00.0,TC(Carbamidomethyl)VADESHAGC(Carbamidomethyl)EK,0,0,0,0,0,0
15086,08:00.0,VPQVSTPTLVEVSR,771.033,756.425,2,2.51E+08,0.0109127,1.70512
15086,08:00.0,YIC(Carbamidomethyl)DNQDTISSK,688.48,722.325,2,3.68E+08,0.436815,1.92518
15095,11:00.0,EAC(Carbamidomethyl)FAVEGPK,724.983,554.261,2,1.58E+08,0.243525,1.85817
15095,11:00.0,EC(Carbamidomethyl)C(Carbamidomethyl)HGDLLEC(Carbamidomethyl)ADDR,705.724,583.893,3,1.05E+08,0.677224,1.86156
15095,11:00.0,EYEATLEEC(Carbamidomethyl)C(Carbamidomethyl)AK,712.056,751.81,2,1.21E+07,-0.257151,1.65375
15095,11:00.0,HLVDEPQNLIK,729.573,653.362,2,5.09E+08,0.435733,1.70827
15095,11:00.0,LVNELTEFAK,778.574,582.319,2,7.65E+08,0.292473,1.65308
15095,11:00.0,NEC(Carbamidomethyl)FLSHK,667.18,517.74,2,2.10E+08,0.271071,1.67369
15095,11:00.0,SLHTLFGDELC(Carbamidomethyl)K,764.136,710.35,2,4.69E+07,-0.265272,1.3763
15095,11:00.0,TC(Carbamidomethyl)VADESHAGC(Carbamidomethyl)EK,0,0,0,0,0,0
15095,11:00.0,VPQVSTPTLVEVSR,771.986,756.425,2,2.47E+08,-0.10262,1.68538
15095,11:00.0,YIC(Carbamidomethyl)DNQDTISSK,689.352,722.325,2,3.12E+08,0.523589,1.69879
15103,20:00.0,EAC(Carbamidomethyl)FAVEGPK,725.001,554.261,2,1.28E+08,0.0915214,2.39922
15103,20:00.0,EC(Carbamidomethyl)C(Carbamidomethyl)HGDLLEC(Carbamidomethyl)ADDR,703.946,583.893,3,8.91E+07,0.58329,1.93763
15103,20:00.0,EYEATLEEC(Carbamidomethyl)C(Carbamidomethyl)AK,710.388,751.81,2,9.78E+06,-0.225794,1.59795
15103,20:00.0,HLVDEPQNLIK,730.64,653.362,2,4.64E+08,0.268052,1.5552
15103,20:00.0,LVNELTEFAK,778.378,582.319,2,4.71E+08,0.302631,1.64589
15103,20:00.0,NEC(Carbamidomethyl)FLSHK,667.524,517.74,2,2.18E+08,0.160631,1.72194
15103,20:00.0,SLHTLFGDELC(Carbamidomethyl)K,764.83,710.35,2,3.98E+07,-0.27862,0.847202
15103,20:00.0,TC(Carbamidomethyl)VADESHAGC(Carbamidomethyl)EK,0,0,0,0,0,0
15103,20:00.0,VPQVSTPTLVEVSR,772.124,756.425,2,1.64E+08,-0.309935,2.06737
15103,20:00.0,YIC(Carbamidomethyl)DNQDTISSK,687.103,722.325,2,3.22E+08,0.323632,1.67778
15111,28:00.0,EAC(Carbamidomethyl)FAVEGPK,722.513,554.261,2,1.29E+08,0.0508341,1.89553
15111,28:00.0,EC(Carbamidomethyl)C(Carbamidomethyl)HGDLLEC(Carbamidomethyl)ADDR,701.506,583.893,3,8.79E+07,0.261189,2.0048
15111,28:00.0,EYEATLEEC(Carbamidomethyl)C(Carbamidomethyl)AK,707.738,751.81,2,1.03E+07,-0.348758,2.2193
15111,28:00.0,HLVDEPQNLIK,727.582,653.362,2,4.88E+08,0.281762,1.75382
15111,28:00.0,LVNELTEFAK,776.236,582.319,2,4.40E+08,0.169816,1.89805
15111,28:00.0,NEC(Carbamidomethyl)FLSHK,664.315,517.74,2,1.80E+08,0.150858,1.64324
15111,28:00.0,SLHTLFGDELC(Carbamidomethyl)K,762.582,710.35,2,3.81E+07,-0.236044,1.66597
15111,28:00.0,TC(Carbamidomethyl)VADESHAGC(Carbamidomethyl)EK,0,0,0,0,0,0
15111,28:00.0,VPQVSTPTLVEVSR,769.547,756.425,2,1.89E+08,-0.347894,1.78118
15111,28:00.0,YIC(Carbamidomethyl)DNQDTISSK,685.893,722.325,2,2.54E+08,0.234086,1.79273
15116,34:00.0,EAC(Carbamidomethyl)FAVEGPK,720.248,554.261,2,1.69E+08,0.13588,1.9197
15116,34:00.0,EC(Carbamidomethyl)C(Carbamidomethyl)HGDLLEC(Carbamidomethyl)ADDR,0,0,3,0,0,0
15116,34:00.0,EYEATLEEC(Carbamidomethyl)C(Carbamidomethyl)AK,708.303,751.81,2,1.24E+07,-0.376663,1.82359
15116,34:00.0,HLVDEPQNLIK,726.119,653.362,2,6.17E+08,0.411898,1.41938
15116,34:00.0,LVNELTEFAK,775.145,582.319,2,4.86E+08,0.301764,1.66179
15116,34:00.0,NEC(Carbamidomethyl)FLSHK,662.788,517.74,2,2.77E+08,0.20546,1.81641
15116,34:00.0,SLHTLFGDELC(Carbamidomethyl)K,761.173,710.35,2,3.99E+07,-0.23029,1.76009
15116,34:00.0,TC(Carbamidomethyl)VADESHAGC(Carbamidomethyl)EK,0,0,0,0,0,0
15116,34:00.0,VPQVSTPTLVEVSR,768.445,756.425,2,1.82E+08,-0.0877102,1.74159
15116,34:00.0,YIC(Carbamidomethyl)DNQDTISSK,685.746,722.325,2,3.27E+08,0.443443,1.42009
15121,40:00.0,EAC(Carbamidomethyl)FAVEGPK,721.8,554.26,2,1.12E+08,-0.20241,1.88606
15121,40:00.0,EC(Carbamidomethyl)C(Carbamidomethyl)HGDLLEC(Carbamidomethyl)ADDR,702.832,583.892,3,7.02E+07,-0.110754,1.89553
15121,40:00.0,EYEATLEEC(Carbamidomethyl)C(Carbamidomethyl)AK,0,0,0,0,0,0
15121,40:00.0,HLVDEPQNLIK,726.712,653.362,2,4.13E+08,-0.0231868,1.591
15121,40:00.0,LVNELTEFAK,776.155,582.319,2,3.65E+08,-0.0582538,1.80506
15121,40:00.0,NEC(Carbamidomethyl)FLSHK,663.868,517.74,2,1.62E+08,0.0457541,1.73296
15121,40:00.0,SLHTLFGDELC(Carbamidomethyl)K,761.995,710.35,2,3.07E+07,-0.430176,1.35694
15121,40:00.0,TC(Carbamidomethyl)VADESHAGC(Carbamidomethyl)EK,0,0,0,0,0,0
15121,40:00.0,VPQVSTPTLVEVSR,769.323,756.425,2,1.33E+08,-0.427447,1.6875
15121,40:00.0,YIC(Carbamidomethyl)DNQDTISSK,685.891,722.325,2,2.18E+08,-0.204919,1.98799
15127,53:00.0,EAC(Carbamidomethyl)FAVEGPK,719.038,554.261,2,1.48E+08,-0.0252477,2.20231
15127,53:00.0,EC(Carbamidomethyl)C(Carbamidomethyl)HGDLLEC(Carbamidomethyl)ADDR,700.85,583.892,3,7.76E+07,0.153246,1.9254
15127,53:00.0,EYEATLEEC(Carbamidomethyl)C(Carbamidomethyl)AK,706.941,751.81,2,8.64E+06,-0.356746,1.95184
15127,53:00.0,HLVDEPQNLIK,724.122,653.362,2,4.99E+08,0.190509,1.84219
15127,53:00.0,LVNELTEFAK,772.898,582.319,2,4.79E+08,0.173989,1.71118
15127,53:00.0,NEC(Carbamidomethyl)FLSHK,662.687,517.74,2,2.22E+08,0.191774,1.78366
15127,53:00.0,SLHTLFGDELC(Carbamidomethyl)K,759.572,710.35,2,4.51E+07,-0.304395,1.52154
15127,53:00.0,TC(Carbamidomethyl)VADESHAGC(Carbamidomethyl)EK,0,0,0,0,0,0
15127,53:00.0,VPQVSTPTLVEVSR,766.485,756.425,2,1.99E+08,-0.324631,1.85801
15127,53:00.0,YIC(Carbamidomethyl)DNQDTISSK,683.918,722.325,2,2.78E+08,-0.0332295,2.0745
15131,01:00.0,EAC(Carbamidomethyl)FAVEGPK,722.703,554.261,2,1.35E+08,0.0863307,2.01091
15131,01:00.0,EC(Carbamidomethyl)C(Carbamidomethyl)HGDLLEC(Carbamidomethyl)ADDR,702.204,583.893,3,7.95E+07,0.294156,1.99621
15131,01:00.0,EYEATLEEC(Carbamidomethyl)C(Carbamidomethyl)AK,708.492,751.81,2,9.20E+06,-0.319332,1.62905
15131,01:00.0,HLVDEPQNLIK,728.014,653.362,2,4.60E+08,0.286457,1.835
15131,01:00.0,LVNELTEFAK,776.232,582.319,2,4.26E+08,0.240879,1.27522
15131,01:00.0,NEC(Carbamidomethyl)FLSHK,663.798,517.74,2,2.00E+08,0.273899,1.57054
15131,01:00.0,SLHTLFGDELC(Carbamidomethyl)K,761.006,710.35,2,4.39E+07,-0.314832,1.61615
15131,01:00.0,TC(Carbamidomethyl)VADESHAGC(Carbamidomethyl)EK,0,0,0,0,0,0
15131,01:00.0,VPQVSTPTLVEVSR,768.738,756.425,2,2.01E+08,-0.35835,2.18048
15131,01:00.0,YIC(Carbamidomethyl)DNQDTISSK,685.513,722.325,2,2.74E+08,0.302283,1.99042
15144,24:00.0,EAC(Carbamidomethyl)FAVEGPK,718.239,554.261,2,1.46E+08,0.149344,1.86136
15144,24:00.0,EC(Carbamidomethyl)C(Carbamidomethyl)HGDLLEC(Carbamidomethyl)ADDR,699.284,583.893,3,7.14E+07,0.671266,1.47869
15144,24:00.0,EYEATLEEC(Carbamidomethyl)C(Carbamidomethyl)AK,704.645,751.81,2,8.29E+06,-0.33191,1.72936
15144,24:00.0,HLVDEPQNLIK,723.471,653.362,2,4.59E+08,0.536331,1.54941
15144,24:00.0,LVNELTEFAK,773.812,582.319,2,4.41E+08,0.28107,1.51051
15144,24:00.0,NEC(Carbamidomethyl)FLSHK,659.793,517.74,2,2.19E+08,0.188482,1.78045
15144,24:00.0,SLHTLFGDELC(Carbamidomethyl)K,759.538,710.35,2,2.93E+07,-0.311079,1.58486
15144,24:00.0,TC(Carbamidomethyl)VADESHAGC(Carbamidomethyl)EK,0,0,0,0,0,0
15144,24:00.0,VPQVSTPTLVEVSR,767.041,756.425,2,1.59E+08,-0.124344,1.99159
15144,24:00.0,YIC(Carbamidomethyl)DNQDTISSK,683.769,722.325,2,2.58E+08,0.372133,1.52327
15151,32:00.0,EAC(Carbamidomethyl)FAVEGPK,718.801,554.261,2,1.39E+08,0.0106706,2.35179
15151,32:00.0,EC(Carbamidomethyl)C(Carbamidomethyl)HGDLLEC(Carbamidomethyl)ADDR,699.805,583.893,3,6.83E+07,0.323625,1.84128
15151,32:00.0,EYEATLEEC(Carbamidomethyl)C(Carbamidomethyl)AK,705.412,751.81,2,8.32E+06,-0.372036,2.18518
15151,32:00.0,HLVDEPQNLIK,723.905,653.362,2,4.07E+08,0.20247,1.74075
15151,32:00.0,LVNELTEFAK,773.619,582.319,2,4.66E+08,0.365838,0.994308
15151,32:00.0,NEC(Carbamidomethyl)FLSHK,660.518,517.74,2,2.29E+08,0.231239,1.77065
15151,32:00.0,SLHTLFGDELC(Carbamidomethyl)K,759.372,710.35,2,2.98E+07,-0.295407,1.60381
15151,32:00.0,TC(Carbamidomethyl)VADESHAGC(Carbamidomethyl)EK,0,0,3,0,0,0
15151,32:00.0,VPQVSTPTLVEVSR,767.386,756.425,2,1.66E+08,-0.101045,1.75277
15151,32:00.0,YIC(Carbamidomethyl)DNQDTISSK,683.364,722.325,2,2.66E+08,0.266492,1.82695
15155,41:00.0,EAC(Carbamidomethyl)FAVEGPK,715.769,554.261,2,1.37E+08,0.0392993,1.9455
15155,41:00.0,EC(Carbamidomethyl)C(Carbamidomethyl)HGDLLEC(Carbamidomethyl)ADDR,698.445,583.893,3,6.83E+07,0.225995,1.77222
15155,41:00.0,EYEATLEEC(Carbamidomethyl)C(Carbamidomethyl)AK,703.491,751.81,2,9.46E+06,-0.345661,1.73317
15155,41:00.0,HLVDEPQNLIK,720.778,653.362,2,4.84E+08,0.332405,1.84646
15155,41:00.0,LVNELTEFAK,773.035,582.319,2,5.00E+08,0.271896,1.58463
15155,41:00.0,NEC(Carbamidomethyl)FLSHK,659.514,517.74,2,2.20E+08,0.159291,1.85558
15155,41:00.0,SLHTLFGDELC(Carbamidomethyl)K,757.897,710.35,2,3.07E+07,-0.240296,1.55584
15155,41:00.0,TC(Carbamidomethyl)VADESHAGC(Carbamidomethyl)EK,0,0,0,0,0,0
15155,41:00.0,VPQVSTPTLVEVSR,766.326,756.425,2,2.14E+08,-0.214156,1.84621
15155,41:00.0,YIC(Carbamidomethyl)DNQDTISSK,681.924,722.325,2,2.93E+08,0.403911,1.94689
15160,46:00.0,EAC(Carbamidomethyl)FAVEGPK,715.449,554.261,2,1.24E+08,0.0924045,2.17986
15160,46:00.0,EC(Carbamidomethyl)C(Carbamidomethyl)HGDLLEC(Carbamidomethyl)ADDR,695.621,583.893,3,7.38E+07,0.643629,2.07744
15160,46:00.0,EYEATLEEC(Carbamidomethyl)C(Carbamidomethyl)AK,701.404,751.81,2,8.84E+06,-0.264698,1.80333
15160,46:00.0,HLVDEPQNLIK,720.426,653.362,2,4.51E+08,0.299428,1.94376
15160,46:00.0,LVNELTEFAK,769.825,582.319,2,4.98E+08,0.340681,1.53745
15160,46:00.0,NEC(Carbamidomethyl)FLSHK,657.118,517.74,2,1.83E+08,0.22043,1.65744
15160,46:00.0,SLHTLFGDELC(Carbamidomethyl)K,755.206,710.35,2,3.41E+07,-0.190326,1.36786
15160,46:00.0,TC(Carbamidomethyl)VADESHAGC(Carbamidomethyl)EK,0,0,0,0,0,0
15160,46:00.0,VPQVSTPTLVEVSR,0,0,2,0,0,0
15160,46:00.0,YIC(Carbamidomethyl)DNQDTISSK,679.178,722.325,2,2.79E+08,0.467746,1.48771
15165,59:00.0,EAC(Carbamidomethyl)FAVEGPK,714.552,554.261,2,1.40E+08,-0.106531,2.07898
15165,59:00.0,EC(Carbamidomethyl)C(Carbamidomethyl)HGDLLEC(Carbamidomethyl)ADDR,0,0,3,0,0,0
15165,59:00.0,EYEATLEEC(Carbamidomethyl)C(Carbamidomethyl)AK,701.534,751.81,2,8.42E+06,-0.442251,1.67429
15165,59:00.0,HLVDEPQNLIK,719.388,653.362,2,5.04E+08,0.0863936,1.63684
15165,59:00.0,LVNELTEFAK,769.207,582.319,2,3.72E+08,0.252737,1.55926
15165,59:00.0,NEC(Carbamidomethyl)FLSHK,0,0,2,0,0,0
15165,59:00.0,SLHTLFGDELC(Carbamidomethyl)K,755.676,710.35,2,2.87E+07,-0.456035,1.62535
15165,59:00.0,TC(Carbamidomethyl)VADESHAGC(Carbamidomethyl)EK,0,0,0,0,0,0
15165,59:00.0,VPQVSTPTLVEVSR,762.898,756.425,2,1.49E+08,-0.421108,1.82065
15165,59:00.0,YIC(Carbamidomethyl)DNQDTISSK,678.824,722.325,2,2.23E+08,-0.0545058,1.75326
15170,10:00.0,EAC(Carbamidomethyl)FAVEGPK,715.617,554.261,2,1.23E+08,-0.0690862,2.11091
15170,10:00.0,EC(Carbamidomethyl)C(Carbamidomethyl)HGDLLEC(Carbamidomethyl)ADDR,696.186,583.892,3,5.72E+07,0.100326,1.74997
15170,10:00.0,EYEATLEEC(Carbamidomethyl)C(Carbamidomethyl)AK,0,0,0,0,0,0
15170,10:00.0,HLVDEPQNLIK,720.705,653.362,2,3.81E+08,0.122326,1.42909
15170,10:00.0,LVNELTEFAK,770.558,582.319,2,4.28E+08,0.231129,1.53435
15170,10:00.0,NEC(Carbamidomethyl)FLSHK,655.97,517.74,2,1.78E+08,0.119629,1.89374
15170,10:00.0,SLHTLFGDELC(Carbamidomethyl)K,756.762,710.35,2,3.09E+07,-0.27271,1.50097
15170,10:00.0,TC(Carbamidomethyl)VADESHAGC(Carbamidomethyl)EK,0,0,0,0,0,0
15170,10:00.0,VPQVSTPTLVEVSR,764.286,756.425,2,1.81E+08,-0.230177,1.86828
15170,10:00.0,YIC(Carbamidomethyl)DNQDTISSK,681.275,722.325,2,2.20E+08,0.155227,2.01932
15222,22:00.0,EAC(Carbamidomethyl)FAVEGPK,715.132,554.261,2,1.36E+08,-0.117766,2.07409
15222,22:00.0,EC(Carbamidomethyl)C(Carbamidomethyl)HGDLLEC(Carbamidomethyl)ADDR,696.156,583.892,3,6.42E+07,0.15743,1.91394
15222,22:00.0,EYEATLEEC(Carbamidomethyl)C(Carbamidomethyl)AK,0,0,0,0,0,0
15222,22:00.0,HLVDEPQNLIK,719.78,653.362,2,4.53E+08,0.276762,1.80511
15222,22:00.0,LVNELTEFAK,769.212,582.319,2,3.63E+08,0.034828,2.02652
15222,22:00.0,NEC(Carbamidomethyl)FLSHK,653.725,517.74,2,1.66E+08,0.120857,2.05499
15222,22:00.0,SLHTLFGDELC(Carbamidomethyl)K,754.979,710.35,2,2.68E+07,-0.32598,1.60812
15222,22:00.0,TC(Carbamidomethyl)VADESHAGC(Carbamidomethyl)EK,0,0,0,0,0,0
15222,22:00.0,VPQVSTPTLVEVSR,763.121,756.425,2,1.63E+08,-0.0695957,0.948124
15222,22:00.0,YIC(Carbamidomethyl)DNQDTISSK,678.679,722.325,2,2.63E+08,0.148171,1.7554
15226,32:00.0,EAC(Carbamidomethyl)FAVEGPK,716.712,554.261,2,1.20E+08,-0.0286627,2.14112
15226,32:00.0,EC(Carbamidomethyl)C(Carbamidomethyl)HGDLLEC(Carbamidomethyl)ADDR,695.451,583.892,3,5.60E+07,0.19271,2.0552
15226,32:00.0,EYEATLEEC(Carbamidomethyl)C(Carbamidomethyl)AK,0,0,0,0,0,0
15226,32:00.0,HLVDEPQNLIK,721.561,653.362,2,3.83E+08,0.200915,1.64609
15226,32:00.0,LVNELTEFAK,770.6,582.319,2,4.11E+08,0.246305,1.58192
15226,32:00.0,NEC(Carbamidomethyl)FLSHK,655.256,517.74,2,2.17E+08,0.156382,1.86836
15226,32:00.0,SLHTLFGDELC(Carbamidomethyl)K,755.852,710.35,2,2.64E+07,-0.343024,1.60007
15226,32:00.0,TC(Carbamidomethyl)VADESHAGC(Carbamidomethyl)EK,0,0,0,0,0,0
15226,32:00.0,VPQVSTPTLVEVSR,763.732,756.425,2,2.05E+08,-0.304389,1.79564
15226,32:00.0,YIC(Carbamidomethyl)DNQDTISSK,679.119,722.325,2,2.60E+08,0.198512,1.73533
15228,44:00.0,EAC(Carbamidomethyl)FAVEGPK,715.182,554.26,2,1.25E+08,-0.12966,2.18923
15228,44:00.0,EC(Carbamidomethyl)C(Carbamidomethyl)HGDLLEC(Carbamidomethyl)ADDR,696.198,583.892,3,5.03E+07,0.0407066,1.98436
15228,44:00.0,EYEATLEEC(Carbamidomethyl)C(Carbamidomethyl)AK,0,0,0,0,0,0
15228,44:00.0,HLVDEPQNLIK,720.552,653.362,2,3.76E+08,0.0790711,1.89341
15228,44:00.0,LVNELTEFAK,770.35,582.319,2,3.86E+08,0.246312,1.45322
15228,44:00.0,NEC(Carbamidomethyl)FLSHK,657.033,517.74,2,1.83E+08,0.0990886,1.72374
15228,44:00.0,SLHTLFGDELC(Carbamidomethyl)K,756.113,710.35,2,2.43E+07,-0.307359,1.15551
15228,44:00.0,TC(Carbamidomethyl)VADESHAGC(Carbamidomethyl)EK,0,0,0,0,0,0
15228,44:00.0,VPQVSTPTLVEVSR,763.418,756.425,2,1.58E+08,-0.332473,1.8636
15228,44:00.0,YIC(Carbamidomethyl)DNQDTISSK,680.928,722.325,2,2.51E+08,0.0671599,1.76321
15234,55:00.0,EAC(Carbamidomethyl)FAVEGPK,713.696,554.261,2,1.37E+08,0.101828,1.94992
15234,55:00.0,EC(Carbamidomethyl)C(Carbamidomethyl)HGDLLEC(Carbamidomethyl)ADDR,693.093,583.893,3,5.58E+07,0.274069,1.87011
15234,55:00.0,EYEATLEEC(Carbamidomethyl)C(Carbamidomethyl)AK,699.373,751.81,2,9.95E+06,-0.253471,1.90609
15234,55:00.0,HLVDEPQNLIK,718.339,653.362,2,4.05E+08,0.161625,1.73768
15234,55:00.0,LVNELTEFAK,768.313,582.319,2,3.94E+08,0.153532,1.6207
15234,55:00.0,NEC(Carbamidomethyl)FLSHK,656.401,517.74,2,1.88E+08,0.187265,1.72708
15234,55:00.0,SLHTLFGDELC(Carbamidomethyl)K,754.91,710.35,2,2.52E+07,-0.302256,1.519
15234,55:00.0,TC(Carbamidomethyl)VADESHAGC(Carbamidomethyl)EK,0,0,0,0,0,0
15234,55:00.0,VPQVSTPTLVEVSR,762.021,756.425,2,1.67E+08,-0.289941,1.8292
15234,55:00.0,YIC(Carbamidomethyl)DNQDTISSK,678.008,722.325,2,2.51E+08,0.229353,1.83668
15240,07:00.0,EAC(Carbamidomethyl)FAVEGPK,714.059,554.261,2,1.18E+08,-0.0581784,2.06271
15240,07:00.0,EC(Carbamidomethyl)C(Carbamidomethyl)HGDLLEC(Carbamidomethyl)ADDR,696.88,583.892,3,5.11E+07,-0.0354316,2.05458
15240,07:00.0,EYEATLEEC(Carbamidomethyl)C(Carbamidomethyl)AK,0,0,0,0,0,0
15240,07:00.0,HLVDEPQNLIK,719.514,653.362,2,4.11E+08,0.0662172,1.80316
15240,07:00.0,LVNELTEFAK,770.07,582.319,2,3.69E+08,0.186089,1.11245
15240,07:00.0,NEC(Carbamidomethyl)FLSHK,657.437,517.74,2,1.57E+08,0.198584,1.53539
15240,07:00.0,SLHTLFGDELC(Carbamidomethyl)K,756.272,710.35,2,2.79E+07,-0.284094,1.48276
15240,07:00.0,TC(Carbamidomethyl)VADESHAGC(Carbamidomethyl)EK,0,0,0,0,0,0
15240,07:00.0,VPQVSTPTLVEVSR,763.671,756.425,2,1.57E+08,-0.320273,1.8021
15240,07:00.0,YIC(Carbamidomethyl)DNQDTISSK,680.445,722.325,2,2.47E+08,0.197572,2.01866
15308,25:00.0,EAC(Carbamidomethyl)FAVEGPK,718.387,554.261,2,1.20E+08,0.0361853,1.99783
15308,25:00.0,EC(Carbamidomethyl)C(Carbamidomethyl)HGDLLEC(Carbamidomethyl)ADDR,698.302,583.893,3,1.14E+08,0.575864,2.03908
15308,25:00.0,EYEATLEEC(Carbamidomethyl)C(Carbamidomethyl)AK,705.086,751.81,2,7.81E+06,-0.299387,1.63842
15308,25:00.0,HLVDEPQNLIK,723.428,653.362,2,4.66E+08,0.274801,1.78648
15308,25:00.0,LVNELTEFAK,772.577,582.319,2,3.47E+08,0.197299,1.77731
15308,25:00.0,NEC(Carbamidomethyl)FLSHK,658.487,517.74,2,1.68E+08,0.314874,1.55703
15308,25:00.0,SLHTLFGDELC(Carbamidomethyl)K,758.423,710.35,2,3.52E+07,-0.262472,1.82274
15308,25:00.0,TC(Carbamidomethyl)VADESHAGC(Carbamidomethyl)EK,0,0,3,0,0,0
15308,25:00.0,VPQVSTPTLVEVSR,766.073,756.425,2,3.24E+07,-0.209735,1.65983
15308,25:00.0,YIC(Carbamidomethyl)DNQDTISSK,682.058,722.325,2,2.44E+08,0.194519,2.07129
15315,36:00.0,EAC(Carbamidomethyl)FAVEGPK,717.402,554.261,2,1.24E+08,0.0191379,1.56907
15315,36:00.0,EC(Carbamidomethyl)C(Carbamidomethyl)HGDLLEC(Carbamidomethyl)ADDR,698.331,583.893,3,1.03E+08,0.40018,1.72581
15315,36:00.0,EYEATLEEC(Carbamidomethyl)C(Carbamidomethyl)AK,704.717,751.81,2,8.19E+06,-0.270682,1.83692
15315,36:00.0,HLVDEPQNLIK,721.712,653.362,2,5.04E+08,0.329436,1.53735
15315,36:00.0,LVNELTEFAK,771.879,582.319,2,3.84E+08,0.242252,1.39896
15315,36:00.0,NEC(Carbamidomethyl)FLSHK,659.958,517.74,2,1.69E+08,0.142884,1.96659
15315,36:00.0,SLHTLFGDELC(Carbamidomethyl)K,0,0,2,0,0,0
15315,36:00.0,TC(Carbamidomethyl)VADESHAGC(Carbamidomethyl)EK,0,0,0,0,0,0
15315,36:00.0,VPQVSTPTLVEVSR,765.16,756.425,2,4.04E+07,-0.342852,1.6379
15315,36:00.0,YIC(Carbamidomethyl)DNQDTISSK,682.905,722.325,2,2.24E+08,0.122658,1.81037
15322,47:00.0,EAC(Carbamidomethyl)FAVEGPK,714.629,554.261,2,1.32E+08,0.125482,2.07785
15322,47:00.0,EC(Carbamidomethyl)C(Carbamidomethyl)HGDLLEC(Carbamidomethyl)ADDR,696.102,583.893,3,1.10E+08,0.526701,1.83647
15322,47:00.0,EYEATLEEC(Carbamidomethyl)C(Carbamidomethyl)AK,701.365,751.81,2,1.03E+07,-0.256389,1.58546
15322,47:00.0,HLVDEPQNLIK,719.808,653.362,2,4.83E+08,0.338657,2.13488
15322,47:00.0,LVNELTEFAK,771.638,582.319,2,5.64E+08,0.476859,1.41926
15322,47:00.0,NEC(Carbamidomethyl)FLSHK,658.61,517.74,2,1.70E+08,0.213109,1.84352
15322,47:00.0,SLHTLFGDELC(Carbamidomethyl)K,756.144,710.35,2,5.03E+07,-0.21045,1.96537
15322,47:00.0,TC(Carbamidomethyl)VADESHAGC(Carbamidomethyl)EK,0,0,0,0,0,0
15322,47:00.0,VPQVSTPTLVEVSR,764.588,756.425,2,4.73E+07,-0.291447,1.59686
15322,47:00.0,YIC(Carbamidomethyl)DNQDTISSK,681.44,722.325,2,2.70E+08,0.35667,1.8159
15329,59:00.0,EAC(Carbamidomethyl)FAVEGPK,715.29,554.261,2,1.22E+08,0.0539847,2.19851
15329,59:00.0,EC(Carbamidomethyl)C(Carbamidomethyl)HGDLLEC(Carbamidomethyl)ADDR,698.008,583.893,3,1.08E+08,0.501675,1.95187
15329,59:00.0,EYEATLEEC(Carbamidomethyl)C(Carbamidomethyl)AK,703.855,751.81,2,8.85E+06,-0.337788,1.77919
15329,59:00.0,HLVDEPQNLIK,720.472,653.362,2,5.42E+08,0.344038,2.06813
15329,59:00.0,LVNELTEFAK,772.404,582.319,2,5.25E+08,0.38395,1.65044
15329,59:00.0,NEC(Carbamidomethyl)FLSHK,656.848,517.74,2,1.78E+08,0.226518,2.0762
15329,59:00.0,SLHTLFGDELC(Carbamidomethyl)K,758.427,710.35,2,3.96E+07,-0.294047,1.59881
15329,59:00.0,TC(Carbamidomethyl)VADESHAGC(Carbamidomethyl)EK,0,0,0,0,0,0
15329,59:00.0,VPQVSTPTLVEVSR,766.056,756.425,2,5.13E+07,-0.37423,1.99484
15329,59:00.0,YIC(Carbamidomethyl)DNQDTISSK,680.419,722.325,2,2.43E+08,0.335999,1.79534
15334,10:00.0,EAC(Carbamidomethyl)FAVEGPK,716.072,554.261,2,1.11E+08,-0.106607,2.15668
15334,10:00.0,EC(Carbamidomethyl)C(Carbamidomethyl)HGDLLEC(Carbamidomethyl)ADDR,696.23,583.893,3,2.40E+08,0.253131,1.53853
15334,10:00.0,EYEATLEEC(Carbamidomethyl)C(Carbamidomethyl)AK,702.373,751.81,2,1.37E+07,-0.436519,1.68129
15334,10:00.0,HLVDEPQNLIK,721.121,653.362,2,4.25E+08,0.116707,1.75962
15334,10:00.0,LVNELTEFAK,769.857,582.319,2,4.43E+08,0.115571,1.4946
15334,10:00.0,NEC(Carbamidomethyl)FLSHK,657.722,517.74,2,2.18E+08,0.0567123,1.61948
15334,10:00.0,SLHTLFGDELC(Carbamidomethyl)K,754.746,710.35,2,3.81E+07,-0.381814,1.66608
15334,10:00.0,TC(Carbamidomethyl)VADESHAGC(Carbamidomethyl)EK,0,0,0,0,0,0
15334,10:00.0,VPQVSTPTLVEVSR,762.827,756.425,2,5.50E+07,-0.325058,1.85251
15334,10:00.0,YIC(Carbamidomethyl)DNQDTISSK,682.337,722.325,2,2.35E+08,-0.0406445,2.0516
15342,22:00.0,EAC(Carbamidomethyl)FAVEGPK,716.515,554.261,2,3.34E+08,-0.108798,2.06289
15342,22:00.0,EC(Carbamidomethyl)C(Carbamidomethyl)HGDLLEC(Carbamidomethyl)ADDR,697.233,583.892,3,2.37E+08,0.0376474,2.02895
15342,22:00.0,EYEATLEEC(Carbamidomethyl)C(Carbamidomethyl)AK,0,0,0,0,0,0
15342,22:00.0,HLVDEPQNLIK,721.519,653.362,2,1.33E+09,0.140942,1.88093
15342,22:00.0,LVNELTEFAK,773.076,582.319,2,1.17E+09,0.0217719,1.66031
15342,22:00.0,NEC(Carbamidomethyl)FLSHK,658.114,517.74,2,3.36E+08,0.0371781,1.46698
15342,22:00.0,SLHTLFGDELC(Carbamidomethyl)K,758.095,710.35,2,1.75E+08,-0.289633,1.64537
15342,22:00.0,TC(Carbamidomethyl)VADESHAGC(Carbamidomethyl)EK,0,0,0,0,0,0
15342,22:00.0,VPQVSTPTLVEVSR,766.51,756.425,2,2.00E+08,-0.416464,1.85632
15342,22:00.0,YIC(Carbamidomethyl)DNQDTISSK,680.901,722.325,2,6.04E+08,0.0120524,1.80871
15349,35:00.0,EAC(Carbamidomethyl)FAVEGPK,718.405,554.261,2,1.06E+08,-0.0839897,1.9422
15349,35:00.0,EC(Carbamidomethyl)C(Carbamidomethyl)HGDLLEC(Carbamidomethyl)ADDR,698.126,583.893,3,1.04E+08,0.288605,1.7695
15349,35:00.0,EYEATLEEC(Carbamidomethyl)C(Carbamidomethyl)AK,705.625,751.81,2,8.48E+06,-0.438661,1.90165
15349,35:00.0,HLVDEPQNLIK,723.258,653.362,2,4.36E+08,0.15121,1.79355
15349,35:00.0,LVNELTEFAK,771.516,582.319,2,4.44E+08,0.277599,1.47058
15349,35:00.0,NEC(Carbamidomethyl)FLSHK,658.922,517.74,2,3.58E+08,0.0459957,1.21847
15349,35:00.0,SLHTLFGDELC(Carbamidomethyl)K,757.534,710.35,2,3.06E+07,-0.341593,1.72152
15349,35:00.0,TC(Carbamidomethyl)VADESHAGC(Carbamidomethyl)EK,0,0,0,0,0,0
15349,35:00.0,VPQVSTPTLVEVSR,764.639,756.425,2,6.63E+07,-0.402938,1.1624
15349,35:00.0,YIC(Carbamidomethyl)DNQDTISSK,680.926,722.325,2,2.50E+08,0.0692866,2.01346
15354,47:00.0,EAC(Carbamidomethyl)FAVEGPK,717.354,554.261,2,3.34E+08,-0.00244325,1.82634
15354,47:00.0,EC(Carbamidomethyl)C(Carbamidomethyl)HGDLLEC(Carbamidomethyl)ADDR,700.687,583.893,3,2.47E+08,0.366656,1.91544
15354,47:00.0,EYEATLEEC(Carbamidomethyl)C(Carbamidomethyl)AK,706.679,751.81,2,2.25E+07,-0.394128,1.59338
15354,47:00.0,HLVDEPQNLIK,722.107,653.362,2,8.50E+08,0.258213,1.05386
15354,47:00.0,LVNELTEFAK,773.919,582.319,2,4.47E+08,0.227972,1.54186
15354,47:00.0,NEC(Carbamidomethyl)FLSHK,0,0,2,0,0,0
15354,47:00.0,SLHTLFGDELC(Carbamidomethyl)K,758.942,710.35,2,4.21E+07,-0.204069,1.51019
15354,47:00.0,TC(Carbamidomethyl)VADESHAGC(Carbamidomethyl)EK,0,0,0,0,0,0
15354,47:00.0,VPQVSTPTLVEVSR,767.727,756.425,2,9.35E+07,-0.381961,1.69272
15354,47:00.0,YIC(Carbamidomethyl)DNQDTISSK,683.687,722.325,2,6.43E+08,0.283292,1.51994
15362,00:00.0,EAC(Carbamidomethyl)FAVEGPK,716.414,554.261,2,1.14E+08,-0.0786684,2.11704
15362,00:00.0,EC(Carbamidomethyl)C(Carbamidomethyl)HGDLLEC(Carbamidomethyl)ADDR,696.556,583.892,3,7.87E+07,0.128164,1.8031
15362,00:00.0,EYEATLEEC(Carbamidomethyl)C(Carbamidomethyl)AK,702.514,751.81,2,8.03E+06,-0.35521,1.71613
15362,00:00.0,HLVDEPQNLIK,721.756,653.362,2,4.20E+08,0.147221,1.92999
15362,00:00.0,LVNELTEFAK,772.38,582.319,2,3.96E+08,0.112183,1.61377
15362,00:00.0,NEC(Carbamidomethyl)FLSHK,660.257,517.74,2,2.06E+08,0.129219,1.66346
15362,00:00.0,SLHTLFGDELC(Carbamidomethyl)K,757.737,710.35,2,3.68E+07,-0.27478,1.60848
15362,00:00.0,TC(Carbamidomethyl)VADESHAGC(Carbamidomethyl)EK,0,0,0,0,0,0
15362,00:00.0,VPQVSTPTLVEVSR,765.971,756.425,2,8.45E+07,-0.328554,1.68893
15362,00:00.0,YIC(Carbamidomethyl)DNQDTISSK,681.471,722.325,2,2.43E+08,0.173298,1.62065
15369,13:00.0,EAC(Carbamidomethyl)FAVEGPK,719.111,554.261,2,1.36E+08,0.0933476,1.95978
15369,13:00.0,EC(Carbamidomethyl)C(Carbamidomethyl)HGDLLEC(Carbamidomethyl)ADDR,699.717,583.893,3,1.04E+08,0.608425,1.76741
15369,13:00.0,EYEATLEEC(Carbamidomethyl)C(Carbamidomethyl)AK,706.501,751.81,2,1.14E+07,-0.212662,1.72204
15369,13:00.0,HLVDEPQNLIK,723.726,653.362,2,4.60E+08,0.359105,1.6107
15369,13:00.0,LVNELTEFAK,773.19,582.319,2,4.22E+08,0.290769,1.60647
15369,13:00.0,NEC(Carbamidomethyl)FLSHK,661.465,517.74,2,2.27E+08,0.278914,1.63388
15369,13:00.0,SLHTLFGDELC(Carbamidomethyl)K,759.327,710.35,2,3.55E+07,-0.246718,1.5623
15369,13:00.0,TC(Carbamidomethyl)VADESHAGC(Carbamidomethyl)EK,0,0,0,0,0,0
15369,13:00.0,VPQVSTPTLVEVSR,766.782,756.425,2,9.72E+07,-0.223305,1.76973
15369,13:00.0,YIC(Carbamidomethyl)DNQDTISSK,683.239,722.325,2,3.07E+08,0.390456,1.61724
15373,27:00.0,EAC(Carbamidomethyl)FAVEGPK,718.898,554.261,2,1.16E+08,0.0703385,1.69015
15373,27:00.0,EC(Carbamidomethyl)C(Carbamidomethyl)HGDLLEC(Carbamidomethyl)ADDR,697.307,583.893,3,8.97E+07,0.41627,1.94209
15373,27:00.0,EYEATLEEC(Carbamidomethyl)C(Carbamidomethyl)AK,704.566,751.81,2,8.21E+06,-0.411717,1.88419
15373,27:00.0,HLVDEPQNLIK,723.495,653.362,2,5.12E+08,0.396237,1.63711
15373,27:00.0,LVNELTEFAK,772.042,582.319,2,4.21E+08,0.259377,1.45107
15373,27:00.0,NEC(Carbamidomethyl)FLSHK,657.987,517.74,2,1.64E+08,0.184217,1.68659
15373,27:00.0,SLHTLFGDELC(Carbamidomethyl)K,757.976,710.35,2,2.74E+07,-0.270231,1.577
15373,27:00.0,TC(Carbamidomethyl)VADESHAGC(Carbamidomethyl)EK,0,0,0,0,0,0
15373,27:00.0,VPQVSTPTLVEVSR,765.983,756.425,2,1.02E+08,-0.252423,1.70925
15373,27:00.0,YIC(Carbamidomethyl)DNQDTISSK,681.363,722.325,2,2.55E+08,0.212674,1.71088
15376,33:00.0,EAC(Carbamidomethyl)FAVEGPK,716.816,554.261,2,1.28E+08,0.243077,2.03034
15376,33:00.0,EC(Carbamidomethyl)C(Carbamidomethyl)HGDLLEC(Carbamidomethyl)ADDR,698.511,583.893,3,8.90E+07,0.616993,1.89043
15376,33:00.0,EYEATLEEC(Carbamidomethyl)C(Carbamidomethyl)AK,704.443,751.81,2,1.03E+07,-0.200041,1.76277
15376,33:00.0,HLVDEPQNLIK,721.656,653.362,2,4.55E+08,0.507757,1.85847
15376,33:00.0,LVNELTEFAK,771.51,582.319,2,4.20E+08,0.384833,1.66607
15376,33:00.0,NEC(Carbamidomethyl)FLSHK,656.739,517.74,2,1.83E+08,0.353045,1.76537
15376,33:00.0,SLHTLFGDELC(Carbamidomethyl)K,758.2,710.35,2,3.27E+07,-0.206559,1.48536
15376,33:00.0,TC(Carbamidomethyl)VADESHAGC(Carbamidomethyl)EK,0,0,3,0,0,0
15376,33:00.0,VPQVSTPTLVEVSR,765.277,756.425,2,1.16E+08,-0.140651,1.70426
15376,33:00.0,YIC(Carbamidomethyl)DNQDTISSK,680.918,722.325,2,2.46E+08,0.454209,2.04316
15380,48:00.0,EAC(Carbamidomethyl)FAVEGPK,0,0,2,0,0,0
15380,48:00.0,EC(Carbamidomethyl)C(Carbamidomethyl)HGDLLEC(Carbamidomethyl)ADDR,696.977,583.892,3,7.09E+07,0.0539161,1.96126
15380,48:00.0,EYEATLEEC(Carbamidomethyl)C(Carbamidomethyl)AK,703.685,751.81,2,7.72E+06,-0.501221,1.76477
15380,48:00.0,HLVDEPQNLIK,721.945,653.362,2,3.61E+08,0.268922,1.44328
15380,48:00.0,LVNELTEFAK,771.06,582.319,2,3.68E+08,0.0676544,1.53728
15380,48:00.0,NEC(Carbamidomethyl)FLSHK,656.206,517.74,2,1.62E+08,0.159813,1.88391
15380,48:00.0,SLHTLFGDELC(Carbamidomethyl)K,757.23,710.35,2,2.54E+07,-0.325662,1.67778
15380,48:00.0,TC(Carbamidomethyl)VADESHAGC(Carbamidomethyl)EK,0,0,0,0,0,0
15380,48:00.0,VPQVSTPTLVEVSR,764.479,756.425,2,1.04E+08,-0.324313,1.81285
15380,48:00.0,YIC(Carbamidomethyl)DNQDTISSK,680.074,722.325,2,2.39E+08,-0.0276571,1.88163
15385,02:00.0,EAC(Carbamidomethyl)FAVEGPK,715.309,554.261,2,1.25E+08,0.0145283,2.00831
15385,02:00.0,EC(Carbamidomethyl)C(Carbamidomethyl)HGDLLEC(Carbamidomethyl)ADDR,694.481,583.892,3,6.89E+07,0.088205,1.83865
15385,02:00.0,EYEATLEEC(Carbamidomethyl)C(Carbamidomethyl)AK,0,0,0,0,0,0
15385,02:00.0,HLVDEPQNLIK,720.017,653.362,2,4.13E+08,0.0998061,1.63632
15385,02:00.0,LVNELTEFAK,769.868,582.319,2,3.86E+08,0.0947941,1.46482
15385,02:00.0,NEC(Carbamidomethyl)FLSHK,657.133,517.74,2,1.85E+08,0.251198,1.69572
15385,02:00.0,SLHTLFGDELC(Carbamidomethyl)K,755.976,710.35,2,3.00E+07,-0.349001,1.56919
15385,02:00.0,TC(Carbamidomethyl)VADESHAGC(Carbamidomethyl)EK,0,0,0,0,0,0
15385,02:00.0,VPQVSTPTLVEVSR,764.039,756.425,2,1.17E+08,-0.388259,1.60011
15385,02:00.0,YIC(Carbamidomethyl)DNQDTISSK,679.424,722.325,2,2.20E+08,0.000118994,1.98592
15390,15:00.0,EAC(Carbamidomethyl)FAVEGPK,714.349,554.261,2,1.18E+08,-0.0912163,2.08633
15390,15:00.0,EC(Carbamidomethyl)C(Carbamidomethyl)HGDLLEC(Carbamidomethyl)ADDR,694.917,583.892,3,7.61E+07,0.134708,2.0894
15390,15:00.0,EYEATLEEC(Carbamidomethyl)C(Carbamidomethyl)AK,701.292,751.81,2,7.83E+06,-0.27096,1.83475
15390,15:00.0,HLVDEPQNLIK,719.287,653.362,2,3.58E+08,0.126602,1.78525
15390,15:00.0,LVNELTEFAK,769.887,582.319,2,3.82E+08,0.170806,1.53764
15390,15:00.0,NEC(Carbamidomethyl)FLSHK,655.27,517.74,2,1.27E+08,0.108657,1.76456
15390,15:00.0,SLHTLFGDELC(Carbamidomethyl)K,756.358,710.35,2,2.53E+07,-0.283604,1.60395
15390,15:00.0,TC(Carbamidomethyl)VADESHAGC(Carbamidomethyl)EK,0,0,0,0,0,0
15390,15:00.0,VPQVSTPTLVEVSR,763.854,756.425,2,1.08E+08,-0.376208,1.68333
15390,15:00.0,YIC(Carbamidomethyl)DNQDTISSK,678.789,722.325,2,2.31E+08,0.0747744,1.76525
15393,28:00.0,EAC(Carbamidomethyl)FAVEGPK,715.367,554.26,2,1.61E+08,-0.192805,1.66138
15393,28:00.0,EC(Carbamidomethyl)C(Carbamidomethyl)HGDLLEC(Carbamidomethyl)ADDR,694.068,583.892,3,1.03E+08,-0.103298,1.42
15393,28:00.0,EYEATLEEC(Carbamidomethyl)C(Carbamidomethyl)AK,0,0,0,0,0,0
15393,28:00.0,HLVDEPQNLIK,720.765,653.362,2,8.82E+08,0.157481,1.7281
15393,28:00.0,LVNELTEFAK,768.968,582.319,2,9.41E+08,0.00334803,1.46812
15393,28:00.0,NEC(Carbamidomethyl)FLSHK,653.121,517.74,2,3.28E+08,0.115071,1.38152
15393,28:00.0,SLHTLFGDELC(Carbamidomethyl)K,754.583,710.35,2,1.13E+08,-0.346073,1.51044
15393,28:00.0,TC(Carbamidomethyl)VADESHAGC(Carbamidomethyl)EK,0,0,0,0,0,0
15393,28:00.0,VPQVSTPTLVEVSR,762.853,756.425,2,3.02E+08,-0.490058,1.71981
15393,28:00.0,YIC(Carbamidomethyl)DNQDTISSK,678.723,722.325,2,4.01E+08,-0.0863245,1.28462
15397,42:00.0,EAC(Carbamidomethyl)FAVEGPK,712.402,554.261,2,1.16E+08,-0.106462,2.03723
15397,42:00.0,EC(Carbamidomethyl)C(Carbamidomethyl)HGDLLEC(Carbamidomethyl)ADDR,692.929,583.892,3,5.75E+07,0.166026,1.73277
15397,42:00.0,EYEATLEEC(Carbamidomethyl)C(Carbamidomethyl)AK,0,0,0,0,0,0
15397,42:00.0,HLVDEPQNLIK,717.12,653.362,2,4.06E+08,0.158118,1.59406
15397,42:00.0,LVNELTEFAK,767.631,582.319,2,3.78E+08,0.159043,1.44095
15397,42:00.0,NEC(Carbamidomethyl)FLSHK,653.813,517.74,2,1.77E+08,0.145121,1.75568
15397,42:00.0,SLHTLFGDELC(Carbamidomethyl)K,753.815,710.35,2,2.72E+07,-0.315248,1.4632
15397,42:00.0,TC(Carbamidomethyl)VADESHAGC(Carbamidomethyl)EK,0,0,0,0,0,0
15397,42:00.0,VPQVSTPTLVEVSR,761.797,756.425,2,1.30E+08,-0.339908,1.74871
15397,42:00.0,YIC(Carbamidomethyl)DNQDTISSK,677.085,722.325,2,1.97E+08,0.0303862,1.87738
15400,55:00.0,EAC(Carbamidomethyl)FAVEGPK,716.698,554.261,2,2.99E+08,0.0374356,1.78754
15400,55:00.0,EC(Carbamidomethyl)C(Carbamidomethyl)HGDLLEC(Carbamidomethyl)ADDR,696.486,583.893,3,7.94E+07,0.240857,2.03953
15400,55:00.0,EYEATLEEC(Carbamidomethyl)C(Carbamidomethyl)AK,703.36,751.81,2,9.74E+06,-0.104485,1.84832
15400,55:00.0,HLVDEPQNLIK,721.348,653.362,2,1.23E+09,0.240638,1.70855
15400,55:00.0,LVNELTEFAK,771.515,582.319,2,1.10E+09,0.158791,1.54792
15400,55:00.0,NEC(Carbamidomethyl)FLSHK,657.172,517.74,2,3.24E+08,0.159579,1.51889
15400,55:00.0,SLHTLFGDELC(Carbamidomethyl)K,757.233,710.35,2,1.33E+08,-0.346099,1.4842
15400,55:00.0,TC(Carbamidomethyl)VADESHAGC(Carbamidomethyl)EK,0,0,0,0,0,0
15400,55:00.0,VPQVSTPTLVEVSR,765.219,756.425,2,3.77E+08,-0.319538,1.75002
15400,55:00.0,YIC(Carbamidomethyl)DNQDTISSK,680.948,722.325,2,4.26E+08,0.266374,1.15965
15406,08:00.0,EAC(Carbamidomethyl)FAVEGPK,714.134,554.261,2,3.12E+08,-0.00987392,1.80529
15406,08:00.0,EC(Carbamidomethyl)C(Carbamidomethyl)HGDLLEC(Carbamidomethyl)ADDR,694.971,583.893,3,1.75E+08,0.267342,1.95112
15406,08:00.0,EYEATLEEC(Carbamidomethyl)C(Carbamidomethyl)AK,701.556,751.81,2,1.10E+07,-0.266376,0.996844
15406,08:00.0,HLVDEPQNLIK,718.855,653.362,2,1.28E+09,0.160752,1.78199
15406,08:00.0,LVNELTEFAK,768.618,582.319,2,1.21E+09,0.100982,1.59375
15406,08:00.0,NEC(Carbamidomethyl)FLSHK,653.922,517.74,2,3.49E+08,0.0573116,1.53533
15406,08:00.0,SLHTLFGDELC(Carbamidomethyl)K,754.433,710.35,2,1.42E+08,-0.39962,1.49784
15406,08:00.0,TC(Carbamidomethyl)VADESHAGC(Carbamidomethyl)EK,0,0,0,0,0,0
15406,08:00.0,VPQVSTPTLVEVSR,762.452,756.425,2,4.27E+08,-0.386518,1.68994
15406,08:00.0,YIC(Carbamidomethyl)DNQDTISSK,678.899,722.325,2,6.34E+08,0.163409,1.82116
15408,22:00.0,EAC(Carbamidomethyl)FAVEGPK,713.43,554.261,2,2.89E+08,-0.0990397,1.89199
15408,22:00.0,EC(Carbamidomethyl)C(Carbamidomethyl)HGDLLEC(Carbamidomethyl)ADDR,695.554,583.893,3,1.30E+08,0.271834,1.62244
15408,22:00.0,EYEATLEEC(Carbamidomethyl)C(Carbamidomethyl)AK,701.364,751.81,2,1.26E+07,-0.38072,1.60463
15408,22:00.0,HLVDEPQNLIK,718.515,653.362,2,8.43E+08,0.370861,1.75806
15408,22:00.0,LVNELTEFAK,768.917,582.319,2,1.12E+09,0.233067,1.5438
15408,22:00.0,NEC(Carbamidomethyl)FLSHK,654.078,517.74,2,4.16E+08,0.0918028,1.79439
15408,22:00.0,SLHTLFGDELC(Carbamidomethyl)K,755.495,710.35,2,1.31E+08,-0.380825,1.63011
15408,22:00.0,TC(Carbamidomethyl)VADESHAGC(Carbamidomethyl)EK,0,0,3,0,0,0
15408,22:00.0,VPQVSTPTLVEVSR,762.815,756.425,2,3.85E+08,-0.339052,1.75935
15408,22:00.0,YIC(Carbamidomethyl)DNQDTISSK,679.174,722.325,2,4.90E+08,0.157976,1.48507
15411,37:00.0,EAC(Carbamidomethyl)FAVEGPK,716.274,554.261,2,3.56E+08,-0.00157777,2.11536
15411,37:00.0,EC(Carbamidomethyl)C(Carbamidomethyl)HGDLLEC(Carbamidomethyl)ADDR,697.146,583.893,3,1.47E+08,0.266533,1.58824
15411,37:00.0,EYEATLEEC(Carbamidomethyl)C(Carbamidomethyl)AK,702.845,751.81,2,2.08E+07,-0.344592,1.5927
15411,37:00.0,HLVDEPQNLIK,721.356,653.362,2,1.35E+09,0.330058,1.80858
15411,37:00.0,LVNELTEFAK,770.407,582.319,2,1.30E+09,0.24911,1.63823
15411,37:00.0,NEC(Carbamidomethyl)FLSHK,656.209,517.74,2,3.46E+08,0.196769,1.39205
15411,37:00.0,SLHTLFGDELC(Carbamidomethyl)K,755.748,710.35,2,1.54E+08,-0.260087,1.47266
15411,37:00.0,TC(Carbamidomethyl)VADESHAGC(Carbamidomethyl)EK,0,0,0,0,0,0
15411,37:00.0,VPQVSTPTLVEVSR,763.692,756.425,2,4.80E+08,-0.287789,1.84089
15411,37:00.0,YIC(Carbamidomethyl)DNQDTISSK,681.069,722.325,2,6.38E+08,0.430311,1.742
15414,52:00.0,EAC(Carbamidomethyl)FAVEGPK,713.159,554.26,2,3.23E+08,-0.150118,2.07029
15414,52:00.0,EC(Carbamidomethyl)C(Carbamidomethyl)HGDLLEC(Carbamidomethyl)ADDR,693.328,583.892,3,5.36E+07,-0.0321961,1.75488
15414,52:00.0,EYEATLEEC(Carbamidomethyl)C(Carbamidomethyl)AK,0,0,0,0,0,0
15414,52:00.0,HLVDEPQNLIK,717.987,653.362,2,1.25E+09,0.141803,1.77348
15414,52:00.0,LVNELTEFAK,768.705,582.319,2,1.06E+09,0.116141,1.69566
15414,52:00.0,NEC(Carbamidomethyl)FLSHK,656.651,517.74,2,2.45E+08,-0.014683,1.44545
15414,52:00.0,SLHTLFGDELC(Carbamidomethyl)K,754.154,710.35,2,9.16E+07,-0.230028,1.39599
15414,52:00.0,TC(Carbamidomethyl)VADESHAGC(Carbamidomethyl)EK,0,0,0,0,0,0
15414,52:00.0,VPQVSTPTLVEVSR,761.807,756.425,2,3.94E+08,-0.4201,1.79363
15414,52:00.0,YIC(Carbamidomethyl)DNQDTISSK,677.072,722.325,2,5.26E+08,0.104718,1.89871
15419,07:00.0,EAC(Carbamidomethyl)FAVEGPK,714.019,554.261,2,1.20E+08,-0.124033,2.23003
15419,07:00.0,EC(Carbamidomethyl)C(Carbamidomethyl)HGDLLEC(Carbamidomethyl)ADDR,694.327,583.892,3,9.08E+07,-0.045862,1.84068
15419,07:00.0,EYEATLEEC(Carbamidomethyl)C(Carbamidomethyl)AK,701.105,751.81,2,1.88E+07,-0.211765,1.69882
15419,07:00.0,HLVDEPQNLIK,719.121,653.362,2,6.43E+08,0.0870562,1.88848
15419,07:00.0,LVNELTEFAK,768.318,582.319,2,1.08E+09,0.123964,1.52535
15419,07:00.0,NEC(Carbamidomethyl)FLSHK,653.551,517.74,2,3.13E+08,0.0902788,1.66591
15419,07:00.0,SLHTLFGDELC(Carbamidomethyl)K,754.438,710.35,2,1.36E+08,-0.309283,1.55053
15419,07:00.0,TC(Carbamidomethyl)VADESHAGC(Carbamidomethyl)EK,0,0,0,0,0,0
15419,07:00.0,VPQVSTPTLVEVSR,762.069,756.425,2,4.13E+08,-0.417231,1.84234
15419,07:00.0,YIC(Carbamidomethyl)DNQDTISSK,677.594,722.325,2,3.42E+08,0.00850062,1.71766
15426,21:00.0,EAC(Carbamidomethyl)FAVEGPK,0,0,2,0,0,0
15426,21:00.0,EC(Carbamidomethyl)C(Carbamidomethyl)HGDLLEC(Carbamidomethyl)ADDR,694.395,583.892,3,1.45E+08,0.0689652,1.84781
15426,21:00.0,EYEATLEEC(Carbamidomethyl)C(Carbamidomethyl)AK,0,0,0,0,0,0
15426,21:00.0,HLVDEPQNLIK,0,0,0,0,0,0
15426,21:00.0,LVNELTEFAK,769.214,582.319,2,1.13E+09,0.126739,1.60998
15426,21:00.0,NEC(Carbamidomethyl)FLSHK,651.916,517.74,2,4.05E+08,0.0446604,1.66934
15426,21:00.0,SLHTLFGDELC(Carbamidomethyl)K,755.232,710.35,2,1.30E+08,-0.337731,1.54475
15426,21:00.0,TC(Carbamidomethyl)VADESHAGC(Carbamidomethyl)EK,0,0,0,0,0,0
15426,21:00.0,VPQVSTPTLVEVSR,762.895,756.425,2,4.30E+08,-0.336114,1.70624
15426,21:00.0,YIC(Carbamidomethyl)DNQDTISSK,0,0,2,0,0,0
15432,27:00.0,EAC(Carbamidomethyl)FAVEGPK,715.083,554.261,2,1.14E+08,0.142311,2.11292
15432,27:00.0,EC(Carbamidomethyl)C(Carbamidomethyl)HGDLLEC(Carbamidomethyl)ADDR,696.597,583.893,3,5.78E+07,0.428143,1.66873
15432,27:00.0,EYEATLEEC(Carbamidomethyl)C(Carbamidomethyl)AK,702.701,751.81,2,8.11E+06,-0.314951,1.79999
15432,27:00.0,HLVDEPQNLIK,719.695,653.362,2,4.55E+08,0.542413,1.6016
15432,27:00.0,LVNELTEFAK,771.266,582.319,2,3.87E+08,0.356756,1.56173
15432,27:00.0,NEC(Carbamidomethyl)FLSHK,657.471,517.74,2,1.50E+08,0.289901,1.90094
15432,27:00.0,SLHTLFGDELC(Carbamidomethyl)K,756.795,710.35,2,2.83E+07,-0.23578,1.54381
15432,27:00.0,TC(Carbamidomethyl)VADESHAGC(Carbamidomethyl)EK,0,0,0,0,0,0
15432,27:00.0,VPQVSTPTLVEVSR,764.672,756.425,2,1.56E+08,-0.155837,1.75557
15432,27:00.0,YIC(Carbamidomethyl)DNQDTISSK,680.416,722.325,2,2.08E+08,0.204772,2.1435
15439,43:00.0,EAC(Carbamidomethyl)FAVEGPK,713.986,554.26,2,3.24E+08,-0.145826,2.09382
15439,43:00.0,EC(Carbamidomethyl)C(Carbamidomethyl)HGDLLEC(Carbamidomethyl)ADDR,693.517,583.892,3,5.06E+07,-0.0482949,1.74136
15439,43:00.0,EYEATLEEC(Carbamidomethyl)C(Carbamidomethyl)AK,700.187,751.81,2,1.19E+07,-0.232457,1.40856
15439,43:00.0,HLVDEPQNLIK,718.759,653.362,2,1.18E+09,0.124719,1.73203
15439,43:00.0,LVNELTEFAK,769.387,582.319,2,1.04E+09,-0.0284746,1.56831
15439,43:00.0,NEC(Carbamidomethyl)FLSHK,655.043,517.74,2,3.85E+08,0.00282476,1.68447
15439,43:00.0,SLHTLFGDELC(Carbamidomethyl)K,754.638,710.35,2,1.20E+08,-0.355837,1.5369
15439,43:00.0,TC(Carbamidomethyl)VADESHAGC(Carbamidomethyl)EK,0,0,0,0,0,0
15439,43:00.0,VPQVSTPTLVEVSR,763.058,756.425,2,3.99E+08,-0.355435,1.82169
15439,43:00.0,YIC(Carbamidomethyl)DNQDTISSK,678.479,722.325,2,3.94E+08,0.1413,1.33136
15445,59:00.0,EAC(Carbamidomethyl)FAVEGPK,714.232,554.261,2,1.32E+08,-0.122049,2.04252
15445,59:00.0,EC(Carbamidomethyl)C(Carbamidomethyl)HGDLLEC(Carbamidomethyl)ADDR,693.582,583.892,3,6.06E+07,0.0598645,1.94888
15445,59:00.0,EYEATLEEC(Carbamidomethyl)C(Carbamidomethyl)AK,700.823,751.81,2,8.90E+06,-0.485486,1.67385
15445,59:00.0,HLVDEPQNLIK,719.173,653.362,2,4.63E+08,0.121687,1.72891
15445,59:00.0,LVNELTEFAK,770.263,582.319,2,4.20E+08,0.0992346,1.6369
15445,59:00.0,NEC(Carbamidomethyl)FLSHK,654.77,517.74,2,1.90E+08,0.176725,1.6508
15445,59:00.0,SLHTLFGDELC(Carbamidomethyl)K,755.141,710.35,2,2.71E+07,-0.352044,1.58921
15445,59:00.0,TC(Carbamidomethyl)VADESHAGC(Carbamidomethyl)EK,0,0,0,0,0,0
15445,59:00.0,VPQVSTPTLVEVSR,763.659,756.425,2,1.55E+08,-0.401861,1.88489
15445,59:00.0,YIC(Carbamidomethyl)DNQDTISSK,677.702,722.325,2,3.80E+08,0.0278495,2.25698
15455,14:00.0,EAC(Carbamidomethyl)FAVEGPK,712.564,554.261,2,3.46E+08,-0.0754608,1.9505
15455,14:00.0,EC(Carbamidomethyl)C(Carbamidomethyl)HGDLLEC(Carbamidomethyl)ADDR,694.17,583.892,3,8.66E+07,0.122441,1.80662
15455,14:00.0,EYEATLEEC(Carbamidomethyl)C(Carbamidomethyl)AK,700.341,751.81,2,1.04E+07,-0.395487,1.59457
15455,14:00.0,HLVDEPQNLIK,717.064,653.362,2,1.29E+09,0.226177,1.6585
15455,14:00.0,LVNELTEFAK,766.479,582.319,2,1.14E+09,0.199909,1.57921
15455,14:00.0,NEC(Carbamidomethyl)FLSHK,652.725,517.74,2,4.27E+08,0.0909887,1.59281
15455,14:00.0,SLHTLFGDELC(Carbamidomethyl)K,751.618,710.35,2,1.35E+08,-0.341602,1.50428
15455,14:00.0,TC(Carbamidomethyl)VADESHAGC(Carbamidomethyl)EK,0,0,0,0,0,0
15455,14:00.0,VPQVSTPTLVEVSR,760.18,756.425,2,4.34E+08,-0.376974,1.74711
15455,14:00.0,YIC(Carbamidomethyl)DNQDTISSK,677.12,722.325,2,3.84E+08,0.405301,1.53867
15463,30:00.0,EAC(Carbamidomethyl)FAVEGPK,713.09,554.261,2,1.32E+08,-0.00533232,1.94631
15463,30:00.0,EC(Carbamidomethyl)C(Carbamidomethyl)HGDLLEC(Carbamidomethyl)ADDR,693.232,583.892,3,5.90E+07,0.197246,1.90306
15463,30:00.0,EYEATLEEC(Carbamidomethyl)C(Carbamidomethyl)AK,700.605,751.81,2,9.01E+06,-0.19696,1.6671
15463,30:00.0,HLVDEPQNLIK,717.736,653.362,2,4.48E+08,0.301084,1.6556
15463,30:00.0,LVNELTEFAK,768.504,582.319,2,4.42E+08,0.243131,1.51841
15463,30:00.0,NEC(Carbamidomethyl)FLSHK,653.012,517.74,2,2.05E+08,0.249958,1.65248
15463,30:00.0,SLHTLFGDELC(Carbamidomethyl)K,754.092,710.35,2,3.09E+07,-0.357079,1.49302
15463,30:00.0,TC(Carbamidomethyl)VADESHAGC(Carbamidomethyl)EK,0,0,0,0,0,0
15463,30:00.0,VPQVSTPTLVEVSR,762.258,756.425,2,1.68E+08,-0.280751,1.74278
15463,30:00.0,YIC(Carbamidomethyl)DNQDTISSK,676.774,722.325,2,2.71E+08,0.220927,1.70532
15470,45:00.0,EAC(Carbamidomethyl)FAVEGPK,714.643,554.261,2,1.26E+08,0.00349092,1.96296
15470,45:00.0,EC(Carbamidomethyl)C(Carbamidomethyl)HGDLLEC(Carbamidomethyl)ADDR,695.981,583.892,3,5.46E+07,0.173502,1.88824
15470,45:00.0,EYEATLEEC(Carbamidomethyl)C(Carbamidomethyl)AK,702.383,751.81,2,9.12E+06,-0.253538,1.61093
15470,45:00.0,HLVDEPQNLIK,719.185,653.362,2,4.75E+08,0.236076,1.6264
15470,45:00.0,LVNELTEFAK,768.713,582.319,2,4.31E+08,0.132136,1.59533
15470,45:00.0,NEC(Carbamidomethyl)FLSHK,655.426,517.74,2,2.02E+08,0.175054,1.5751
15470,45:00.0,SLHTLFGDELC(Carbamidomethyl)K,754.383,710.35,2,2.91E+07,-0.426065,1.51421
15470,45:00.0,TC(Carbamidomethyl)VADESHAGC(Carbamidomethyl)EK,0,0,0,0,0,0
15470,45:00.0,VPQVSTPTLVEVSR,762.197,756.425,2,1.59E+08,-0.424624,1.75379
15470,45:00.0,YIC(Carbamidomethyl)DNQDTISSK,680.216,722.325,2,2.55E+08,0.20576,1.57912
15478,01:00.0,EAC(Carbamidomethyl)FAVEGPK,713.876,554.261,2,1.37E+08,-0.0850741,2.0805
15478,01:00.0,EC(Carbamidomethyl)C(Carbamidomethyl)HGDLLEC(Carbamidomethyl)ADDR,693.591,583.892,3,6.22E+07,0.0779483,1.62364
15478,01:00.0,EYEATLEEC(Carbamidomethyl)C(Carbamidomethyl)AK,700.246,751.81,2,8.56E+06,-0.23556,1.67454
15478,01:00.0,HLVDEPQNLIK,718.812,653.362,2,5.31E+08,0.165661,1.80205
15478,01:00.0,LVNELTEFAK,769.195,582.319,2,4.65E+08,0.0472447,1.46021
15478,01:00.0,NEC(Carbamidomethyl)FLSHK,654.381,517.74,2,2.03E+08,0.135721,1.72429
15478,01:00.0,SLHTLFGDELC(Carbamidomethyl)K,754.427,710.35,2,3.30E+07,-0.178192,1.64786
15478,01:00.0,TC(Carbamidomethyl)VADESHAGC(Carbamidomethyl)EK,0,0,0,0,0,0
15478,01:00.0,VPQVSTPTLVEVSR,762.856,756.425,2,1.68E+08,-0.356603,1.87014
15478,01:00.0,YIC(Carbamidomethyl)DNQDTISSK,678.938,722.325,2,2.96E+08,0.00755028,1.57093
15505,05:00.0,EAC(Carbamidomethyl)FAVEGPK,711.927,554.261,2,2.63E+08,-0.0935115,1.97006
15505,05:00.0,EC(Carbamidomethyl)C(Carbamidomethyl)HGDLLEC(Carbamidomethyl)ADDR,693.35,583.892,3,2.20E+08,-0.00222519,1.91178
15505,05:00.0,EYEATLEEC(Carbamidomethyl)C(Carbamidomethyl)AK,699.974,751.81,2,1.85E+07,-0.374761,1.80155
15505,05:00.0,HLVDEPQNLIK,716.873,653.362,2,1.28E+09,0.0609567,1.75745
15505,05:00.0,LVNELTEFAK,767.785,582.319,2,7.53E+08,-0.0836294,1.63403
15505,05:00.0,NEC(Carbamidomethyl)FLSHK,652.072,517.74,2,3.44E+08,-0.00610551,1.52788
15505,05:00.0,SLHTLFGDELC(Carbamidomethyl)K,753.327,710.35,2,1.05E+08,-0.534144,1.60942
15505,05:00.0,TC(Carbamidomethyl)VADESHAGC(Carbamidomethyl)EK,0,0,0,0,0,0
15505,05:00.0,VPQVSTPTLVEVSR,761.547,756.425,2,4.08E+07,-0.462487,1.7195
15505,05:00.0,YIC(Carbamidomethyl)DNQDTISSK,677.935,722.325,2,5.11E+08,-0.138489,1.7381
15515,22:00.0,EAC(Carbamidomethyl)FAVEGPK,713.094,554.26,2,1.10E+08,-0.176904,2.06512
15515,22:00.0,EC(Carbamidomethyl)C(Carbamidomethyl)HGDLLEC(Carbamidomethyl)ADDR,692.197,583.892,3,1.19E+08,0.116685,1.90863
15515,22:00.0,EYEATLEEC(Carbamidomethyl)C(Carbamidomethyl)AK,699.205,751.81,2,9.17E+06,-0.282263,1.7915
15515,22:00.0,HLVDEPQNLIK,718.382,653.362,2,5.24E+08,0.0367416,1.86656
15515,22:00.0,LVNELTEFAK,767.234,582.319,2,4.04E+08,0.0301862,1.52988
15515,22:00.0,NEC(Carbamidomethyl)FLSHK,652.12,517.74,2,3.25E+08,0.0473961,1.69374
15515,22:00.0,SLHTLFGDELC(Carbamidomethyl)K,753.338,710.35,2,2.93E+07,-0.440073,1.62127
15515,22:00.0,TC(Carbamidomethyl)VADESHAGC(Carbamidomethyl)EK,0,0,0,0,0,0
15515,22:00.0,VPQVSTPTLVEVSR,761.178,756.425,2,1.84E+07,-0.512452,1.64846
15515,22:00.0,YIC(Carbamidomethyl)DNQDTISSK,676.219,722.325,2,2.38E+08,0.000831306,1.60325
15524,38:00.0,EAC(Carbamidomethyl)FAVEGPK,717.799,554.261,2,1.39E+08,-0.0159141,2.02394
15524,38:00.0,EC(Carbamidomethyl)C(Carbamidomethyl)HGDLLEC(Carbamidomethyl)ADDR,698.405,583.893,3,1.39E+08,0.440078,1.81667
15524,38:00.0,EYEATLEEC(Carbamidomethyl)C(Carbamidomethyl)AK,704.954,751.81,2,1.14E+07,-0.203972,1.62995
15524,38:00.0,HLVDEPQNLIK,723.056,653.362,2,5.99E+08,0.30392,1.83139
15524,38:00.0,LVNELTEFAK,773.633,582.319,2,4.86E+08,0.190948,1.6396
15524,38:00.0,NEC(Carbamidomethyl)FLSHK,657.85,517.74,2,1.89E+08,0.260039,1.78825
15524,38:00.0,SLHTLFGDELC(Carbamidomethyl)K,758.975,710.35,2,3.81E+07,-0.372013,1.5944
15524,38:00.0,TC(Carbamidomethyl)VADESHAGC(Carbamidomethyl)EK,0,0,0,0,0,0
15524,38:00.0,VPQVSTPTLVEVSR,767.368,756.425,2,2.55E+07,-0.227376,1.81322
15524,38:00.0,YIC(Carbamidomethyl)DNQDTISSK,682.259,722.325,2,2.83E+08,0.159875,1.70465
15532,46:00.0,EAC(Carbamidomethyl)FAVEGPK,717.283,554.261,2,1.35E+08,0.0987947,2.03549
15532,46:00.0,EC(Carbamidomethyl)C(Carbamidomethyl)HGDLLEC(Carbamidomethyl)ADDR,696.702,583.893,3,1.31E+08,0.776865,1.87223
15532,46:00.0,EYEATLEEC(Carbamidomethyl)C(Carbamidomethyl)AK,704.003,751.81,2,9.50E+06,-0.282917,1.8124
15532,46:00.0,HLVDEPQNLIK,722.093,653.362,2,5.51E+08,0.429163,1.79236
15532,46:00.0,LVNELTEFAK,771.397,582.319,2,4.53E+08,0.348666,1.65233
15532,46:00.0,NEC(Carbamidomethyl)FLSHK,657.118,517.74,2,1.82E+08,0.258467,1.63686
15532,46:00.0,SLHTLFGDELC(Carbamidomethyl)K,756.703,710.35,2,4.02E+07,-0.288675,1.54218
15532,46:00.0,TC(Carbamidomethyl)VADESHAGC(Carbamidomethyl)EK,0,0,0,0,0,0
15532,46:00.0,VPQVSTPTLVEVSR,765.088,756.425,2,2.63E+07,-0.310599,1.83128
15532,46:00.0,YIC(Carbamidomethyl)DNQDTISSK,680.4,722.325,2,2.37E+08,0.32352,1.7481
15542,02:00.0,EAC(Carbamidomethyl)FAVEGPK,717.688,554.261,2,1.22E+08,-0.086479,1.90437
15542,02:00.0,EC(Carbamidomethyl)C(Carbamidomethyl)HGDLLEC(Carbamidomethyl)ADDR,698.236,583.893,3,1.25E+08,0.314359,1.87468
15542,02:00.0,EYEATLEEC(Carbamidomethyl)C(Carbamidomethyl)AK,705.349,751.81,2,1.07E+07,-0.373308,1.72013
15542,02:00.0,HLVDEPQNLIK,722.137,653.362,2,5.22E+08,0.218954,1.71752
15542,02:00.0,LVNELTEFAK,772.911,582.319,2,4.48E+08,0.0401463,1.50737
15542,02:00.0,NEC(Carbamidomethyl)FLSHK,656.586,517.74,2,1.75E+08,0.111517,1.56555
15542,02:00.0,SLHTLFGDELC(Carbamidomethyl)K,758.013,710.35,2,3.91E+07,-0.493105,1.68
15542,02:00.0,TC(Carbamidomethyl)VADESHAGC(Carbamidomethyl)EK,0,0,0,0,0,0
15542,02:00.0,VPQVSTPTLVEVSR,766.513,756.425,2,2.81E+07,-0.420897,1.9467
15542,02:00.0,YIC(Carbamidomethyl)DNQDTISSK,681.81,722.325,2,2.63E+08,0.101834,1.71066
15549,19:00.0,EAC(Carbamidomethyl)FAVEGPK,718.573,554.261,2,1.23E+08,-0.0185859,2.0275
15549,19:00.0,EC(Carbamidomethyl)C(Carbamidomethyl)HGDLLEC(Carbamidomethyl)ADDR,698.871,583.893,3,1.24E+08,0.392453,1.81014
15549,19:00.0,EYEATLEEC(Carbamidomethyl)C(Carbamidomethyl)AK,705.665,751.81,2,1.11E+07,-0.402403,1.69836
15549,19:00.0,HLVDEPQNLIK,723.33,653.362,2,5.43E+08,0.256492,1.67741
15549,19:00.0,LVNELTEFAK,772.591,582.319,2,5.18E+08,0.197754,1.53867
15549,19:00.0,NEC(Carbamidomethyl)FLSHK,657.044,517.74,2,1.67E+08,0.220051,1.59639
15549,19:00.0,SLHTLFGDELC(Carbamidomethyl)K,758.387,710.35,2,4.16E+07,-0.276811,1.68215
15549,19:00.0,TC(Carbamidomethyl)VADESHAGC(Carbamidomethyl)EK,0,0,0,0,0,0
15549,19:00.0,VPQVSTPTLVEVSR,766.493,756.425,2,3.38E+07,-0.305642,1.7768
15549,19:00.0,YIC(Carbamidomethyl)DNQDTISSK,682.179,722.325,2,2.63E+08,0.156335,1.74476
15557,37:00.0,EAC(Carbamidomethyl)FAVEGPK,720.715,554.261,2,1.23E+08,-0.0914269,1.983
15557,37:00.0,EC(Carbamidomethyl)C(Carbamidomethyl)HGDLLEC(Carbamidomethyl)ADDR,702.295,583.893,3,1.17E+08,0.288672,1.8358
15557,37:00.0,EYEATLEEC(Carbamidomethyl)C(Carbamidomethyl)AK,709.023,751.81,2,1.01E+07,-0.287972,1.7076
15557,37:00.0,HLVDEPQNLIK,725.237,653.362,2,4.95E+08,0.175813,1.72128
15557,37:00.0,LVNELTEFAK,776.982,582.319,2,5.07E+08,0.11,1.54364
15557,37:00.0,NEC(Carbamidomethyl)FLSHK,662.645,517.74,2,1.62E+08,0.152739,1.58726
15557,37:00.0,SLHTLFGDELC(Carbamidomethyl)K,762.295,710.35,2,4.33E+07,-0.381757,1.62179
15557,37:00.0,TC(Carbamidomethyl)VADESHAGC(Carbamidomethyl)EK,0,0,0,0,0,0
15557,37:00.0,VPQVSTPTLVEVSR,770.705,756.425,2,3.98E+07,-0.34974,1.76264
15557,37:00.0,YIC(Carbamidomethyl)DNQDTISSK,685.197,722.325,2,2.56E+08,0.096382,1.74895
15564,55:00.0,EAC(Carbamidomethyl)FAVEGPK,719.997,554.26,2,1.16E+08,-0.139094,1.97682
15564,55:00.0,EC(Carbamidomethyl)C(Carbamidomethyl)HGDLLEC(Carbamidomethyl)ADDR,700.63,583.892,3,9.92E+07,0.0594246,1.76721
15564,55:00.0,EYEATLEEC(Carbamidomethyl)C(Carbamidomethyl)AK,707.345,751.81,2,9.28E+06,-0.434823,1.72069
15564,55:00.0,HLVDEPQNLIK,724.944,653.362,2,4.98E+08,0.0980177,1.87088
15564,55:00.0,LVNELTEFAK,776.448,582.319,2,4.83E+08,0.0517898,1.6273
15564,55:00.0,NEC(Carbamidomethyl)FLSHK,659.851,517.74,2,1.58E+08,0.115717,1.61146
15564,55:00.0,SLHTLFGDELC(Carbamidomethyl)K,762.295,710.35,2,4.33E+07,-0.456538,1.54419
15564,55:00.0,TC(Carbamidomethyl)VADESHAGC(Carbamidomethyl)EK,0,0,0,0,0,0
15564,55:00.0,VPQVSTPTLVEVSR,770.276,756.425,2,4.43E+07,-0.483201,1.89212
15564,55:00.0,YIC(Carbamidomethyl)DNQDTISSK,684.452,722.325,2,2.32E+08,-0.0293818,1.76728
15568,13:00.0,EAC(Carbamidomethyl)FAVEGPK,720.015,554.26,2,1.10E+08,-0.173285,1.99972
15568,13:00.0,EC(Carbamidomethyl)C(Carbamidomethyl)HGDLLEC(Carbamidomethyl)ADDR,699.302,583.892,3,9.16E+07,-0.0340002,1.84331
15568,13:00.0,EYEATLEEC(Carbamidomethyl)C(Carbamidomethyl)AK,706.772,751.81,2,8.16E+06,-0.491856,1.95648
15568,13:00.0,HLVDEPQNLIK,724.64,653.362,2,4.54E+08,-0.0150804,1.59654
15568,13:00.0,LVNELTEFAK,775.848,582.319,2,4.84E+08,0.0823809,1.53563
15568,13:00.0,NEC(Carbamidomethyl)FLSHK,659.382,517.74,2,1.51E+08,0.0890454,1.66754
15568,13:00.0,SLHTLFGDELC(Carbamidomethyl)K,760.669,710.35,2,3.69E+07,-0.565488,1.52112
15568,13:00.0,TC(Carbamidomethyl)VADESHAGC(Carbamidomethyl)EK,0,0,0,0,0,0
15568,13:00.0,VPQVSTPTLVEVSR,769.711,756.425,2,4.76E+07,-0.319126,1.88855
15568,13:00.0,YIC(Carbamidomethyl)DNQDTISSK,683.974,722.325,2,2.28E+08,-0.0505971,1.66698
15572,31:00.0,EAC(Carbamidomethyl)FAVEGPK,719.403,554.261,2,1.11E+08,-0.100252,1.89845
15572,31:00.0,EC(Carbamidomethyl)C(Carbamidomethyl)HGDLLEC(Carbamidomethyl)ADDR,701.493,583.892,3,1.00E+08,0.191617,1.7444
15572,31:00.0,EYEATLEEC(Carbamidomethyl)C(Carbamidomethyl)AK,707.474,751.81,2,9.77E+06,-0.325373,1.66157
15572,31:00.0,HLVDEPQNLIK,723.978,653.362,2,4.71E+08,0.147826,1.64924
15572,31:00.0,LVNELTEFAK,775.475,582.319,2,4.83E+08,0.151241,1.54516
15572,31:00.0,NEC(Carbamidomethyl)FLSHK,660.782,517.74,2,1.69E+08,0.245545,1.62743
15572,31:00.0,SLHTLFGDELC(Carbamidomethyl)K,761.382,710.35,2,4.14E+07,-0.30349,1.60293
15572,31:00.0,TC(Carbamidomethyl)VADESHAGC(Carbamidomethyl)EK,0,0,0,0,0,0
15572,31:00.0,VPQVSTPTLVEVSR,769.415,756.425,2,5.08E+07,-0.330451,1.73305
15572,31:00.0,YIC(Carbamidomethyl)DNQDTISSK,686.192,722.325,2,2.48E+08,0.187453,1.67743
15576,47:00.0,EAC(Carbamidomethyl)FAVEGPK,721.223,554.26,2,1.20E+08,-0.136366,2.02425
15576,47:00.0,EC(Carbamidomethyl)C(Carbamidomethyl)HGDLLEC(Carbamidomethyl)ADDR,701.996,583.893,3,1.01E+08,0.257304,1.89374
15576,47:00.0,EYEATLEEC(Carbamidomethyl)C(Carbamidomethyl)AK,708.57,751.81,2,9.84E+06,-0.438712,1.61371
15576,47:00.0,HLVDEPQNLIK,725.965,653.362,2,4.93E+08,0.150868,1.75205
15576,47:00.0,LVNELTEFAK,776.032,582.319,2,5.03E+08,0.248765,1.63444
15576,47:00.0,NEC(Carbamidomethyl)FLSHK,663.164,517.74,2,2.24E+08,0.143607,1.83155
15576,47:00.0,SLHTLFGDELC(Carbamidomethyl)K,761.578,710.35,2,3.80E+07,-0.273277,1.56015
15576,47:00.0,TC(Carbamidomethyl)VADESHAGC(Carbamidomethyl)EK,0,0,0,0,0,0
15576,47:00.0,VPQVSTPTLVEVSR,769.698,756.425,2,6.27E+07,-0.342611,1.78458
15576,47:00.0,YIC(Carbamidomethyl)DNQDTISSK,686.287,722.325,2,2.61E+08,0.128483,1.5983
15579,04:00.0,EAC(Carbamidomethyl)FAVEGPK,724.971,554.261,2,1.28E+08,-0.0233038,2.10828
15579,04:00.0,EC(Carbamidomethyl)C(Carbamidomethyl)HGDLLEC(Carbamidomethyl)ADDR,705.673,583.893,3,1.06E+08,0.414913,1.71158
15579,04:00.0,EYEATLEEC(Carbamidomethyl)C(Carbamidomethyl)AK,712.007,751.81,2,1.05E+07,-0.286383,1.83863
15579,04:00.0,HLVDEPQNLIK,729.81,653.362,2,4.97E+08,0.27718,1.81496
15579,04:00.0,LVNELTEFAK,782.172,582.319,2,5.11E+08,0.240891,1.6598
15579,04:00.0,NEC(Carbamidomethyl)FLSHK,666.611,517.74,2,3.42E+08,0.118937,1.6879
15579,04:00.0,SLHTLFGDELC(Carbamidomethyl)K,766.808,710.35,2,4.30E+07,-0.233392,1.57197
15579,04:00.0,TC(Carbamidomethyl)VADESHAGC(Carbamidomethyl)EK,0,0,0,0,0,0
15579,04:00.0,VPQVSTPTLVEVSR,775.579,756.425,2,6.75E+07,-0.364284,1.89357
15579,04:00.0,YIC(Carbamidomethyl)DNQDTISSK,691.289,722.325,2,2.73E+08,0.175346,1.66851
15582,21:00.0,EAC(Carbamidomethyl)FAVEGPK,731.9,554.261,2,1.22E+08,-0.0178293,2.08464
15582,21:00.0,EC(Carbamidomethyl)C(Carbamidomethyl)HGDLLEC(Carbamidomethyl)ADDR,711.693,583.893,3,9.62E+07,0.434393,1.84915
15582,21:00.0,EYEATLEEC(Carbamidomethyl)C(Carbamidomethyl)AK,718.606,751.81,2,1.03E+07,-0.368596,1.87902
15582,21:00.0,HLVDEPQNLIK,736.867,653.362,2,4.98E+08,0.353501,1.87412
15582,21:00.0,LVNELTEFAK,788.701,582.319,2,4.91E+08,0.284015,1.60739
15582,21:00.0,NEC(Carbamidomethyl)FLSHK,670.868,517.74,2,1.65E+08,0.228219,1.60543
15582,21:00.0,SLHTLFGDELC(Carbamidomethyl)K,774.383,710.35,2,3.84E+07,-0.374712,1.51372
15582,21:00.0,TC(Carbamidomethyl)VADESHAGC(Carbamidomethyl)EK,0,0,0,0,0,0
15582,21:00.0,VPQVSTPTLVEVSR,782.163,756.425,2,7.50E+07,-0.369666,1.85034
15582,21:00.0,YIC(Carbamidomethyl)DNQDTISSK,695.648,722.325,2,2.51E+08,0.251339,1.66136
15585,38:00.0,EAC(Carbamidomethyl)FAVEGPK,727.438,554.261,2,1.15E+08,-0.0999433,2.112
15585,38:00.0,EC(Carbamidomethyl)C(Carbamidomethyl)HGDLLEC(Carbamidomethyl)ADDR,707.029,583.893,3,8.83E+07,0.226998,1.80559
15585,38:00.0,EYEATLEEC(Carbamidomethyl)C(Carbamidomethyl)AK,713.909,751.81,2,8.79E+06,-0.493839,1.83773
15585,38:00.0,HLVDEPQNLIK,732.363,653.362,2,4.88E+08,0.278127,1.84476
15585,38:00.0,LVNELTEFAK,782.79,582.319,2,4.59E+08,0.172603,1.59304
15585,38:00.0,NEC(Carbamidomethyl)FLSHK,667.809,517.74,2,1.59E+08,0.198041,1.61073
15585,38:00.0,SLHTLFGDELC(Carbamidomethyl)K,769,710.35,2,3.81E+07,-0.43865,1.68885
15585,38:00.0,TC(Carbamidomethyl)VADESHAGC(Carbamidomethyl)EK,0,0,0,0,0,0
15585,38:00.0,VPQVSTPTLVEVSR,776.713,756.425,2,7.68E+07,-0.392893,1.80989
15585,38:00.0,YIC(Carbamidomethyl)DNQDTISSK,690.956,722.325,2,2.40E+08,0.106775,1.73116
15589,55:00.0,EAC(Carbamidomethyl)FAVEGPK,729.657,554.261,2,1.24E+08,-0.0119457,2.13489
15589,55:00.0,EC(Carbamidomethyl)C(Carbamidomethyl)HGDLLEC(Carbamidomethyl)ADDR,709.5,583.893,3,9.25E+07,0.286503,1.78698
15589,55:00.0,EYEATLEEC(Carbamidomethyl)C(Carbamidomethyl)AK,716.208,751.81,2,9.55E+06,-0.336345,1.70734
15589,55:00.0,HLVDEPQNLIK,734.518,653.362,2,5.03E+08,0.252542,1.8758
15589,55:00.0,LVNELTEFAK,786.413,582.319,2,4.71E+08,0.201865,1.56284
15589,55:00.0,NEC(Carbamidomethyl)FLSHK,672.305,517.74,2,1.62E+08,0.246061,1.57707
15589,55:00.0,SLHTLFGDELC(Carbamidomethyl)K,771.243,710.35,2,3.51E+07,-0.362126,1.69404
15589,55:00.0,TC(Carbamidomethyl)VADESHAGC(Carbamidomethyl)EK,0,0,0,0,0,0
15589,55:00.0,VPQVSTPTLVEVSR,780.096,756.425,2,8.68E+07,-0.345026,1.90765
15589,55:00.0,YIC(Carbamidomethyl)DNQDTISSK,694.49,722.325,2,2.60E+08,0.176185,1.69075
15592,10:00.0,EAC(Carbamidomethyl)FAVEGPK,712.179,554.261,2,1.06E+08,-0.0982167,2.04757
15592,10:00.0,EC(Carbamidomethyl)C(Carbamidomethyl)HGDLLEC(Carbamidomethyl)ADDR,693.325,583.892,3,6.77E+07,-0.0355212,1.97069
15592,10:00.0,EYEATLEEC(Carbamidomethyl)C(Carbamidomethyl)AK,699.577,751.81,2,7.52E+06,-0.609798,1.71897
15592,10:00.0,HLVDEPQNLIK,716.945,653.362,2,4.34E+08,-0.0182722,1.73428
15592,10:00.0,LVNELTEFAK,766.373,582.319,2,4.19E+08,-0.0782418,1.5879
15592,10:00.0,NEC(Carbamidomethyl)FLSHK,653.046,517.74,2,1.31E+08,0.0366476,1.99163
15592,10:00.0,SLHTLFGDELC(Carbamidomethyl)K,0,0,2,0,0,0
15592,10:00.0,TC(Carbamidomethyl)VADESHAGC(Carbamidomethyl)EK,0,0,3,0,0,0
15592,10:00.0,VPQVSTPTLVEVSR,760.117,756.425,2,7.93E+07,-0.346356,1.63993
15592,10:00.0,YIC(Carbamidomethyl)DNQDTISSK,677.751,722.325,2,1.96E+08,-0.197289,1.7757
15595,16:00.0,EAC(Carbamidomethyl)FAVEGPK,711.863,554.261,2,1.13E+08,0.0861633,2.03259
15595,16:00.0,EC(Carbamidomethyl)C(Carbamidomethyl)HGDLLEC(Carbamidomethyl)ADDR,691.537,583.893,3,8.06E+07,0.615831,1.91194
15595,16:00.0,EYEATLEEC(Carbamidomethyl)C(Carbamidomethyl)AK,698.912,751.81,2,7.70E+06,-0.400458,1.71938
15595,16:00.0,HLVDEPQNLIK,716.592,653.362,2,4.49E+08,0.307178,1.8746
15595,16:00.0,LVNELTEFAK,766.452,582.319,2,4.16E+08,0.181516,1.5145
15595,16:00.0,NEC(Carbamidomethyl)FLSHK,652.944,517.74,2,1.48E+08,0.331073,1.57578
15595,16:00.0,SLHTLFGDELC(Carbamidomethyl)K,752.379,710.35,2,3.50E+07,-0.165452,1.5394
15595,16:00.0,TC(Carbamidomethyl)VADESHAGC(Carbamidomethyl)EK,0,0,0,0,0,0
15595,16:00.0,VPQVSTPTLVEVSR,760.589,756.425,2,8.01E+07,-0.36592,1.77672
15595,16:00.0,YIC(Carbamidomethyl)DNQDTISSK,675.121,722.325,2,2.10E+08,0.215853,1.89091
15599,31:00.0,EAC(Carbamidomethyl)FAVEGPK,711.905,554.261,2,9.75E+07,-0.112767,1.84775
15599,31:00.0,EC(Carbamidomethyl)C(Carbamidomethyl)HGDLLEC(Carbamidomethyl)ADDR,692.152,583.892,3,6.39E+07,-0.0409775,1.72537
15599,31:00.0,EYEATLEEC(Carbamidomethyl)C(Carbamidomethyl)AK,0,0,0,0,0,0
15599,31:00.0,HLVDEPQNLIK,716.595,653.362,2,3.87E+08,0.0242871,1.64555
15599,31:00.0,LVNELTEFAK,766.865,582.319,2,3.88E+08,0.0217284,1.57602
15599,31:00.0,NEC(Carbamidomethyl)FLSHK,651.609,517.74,2,1.49E+08,0.10268,1.69027
15599,31:00.0,SLHTLFGDELC(Carbamidomethyl)K,752.257,710.35,2,3.08E+07,-0.526346,1.57986
15599,31:00.0,TC(Carbamidomethyl)VADESHAGC(Carbamidomethyl)EK,0,0,0,0,0,0
15599,31:00.0,VPQVSTPTLVEVSR,760.708,756.425,2,7.98E+07,-0.425854,1.85324
15599,31:00.0,YIC(Carbamidomethyl)DNQDTISSK,676.1,722.325,2,1.81E+08,0.00149857,1.58844
15603,46:00.0,EAC(Carbamidomethyl)FAVEGPK,712.977,554.261,2,1.28E+08,0.00834757,2.02123
15603,46:00.0,EC(Carbamidomethyl)C(Carbamidomethyl)HGDLLEC(Carbamidomethyl)ADDR,694.454,583.893,3,7.52E+07,0.351891,1.71424
15603,46:00.0,EYEATLEEC(Carbamidomethyl)C(Carbamidomethyl)AK,700.271,751.81,2,9.41E+06,-0.396296,1.79214
15603,46:00.0,HLVDEPQNLIK,718.24,653.362,2,4.86E+08,0.291365,1.83881
15603,46:00.0,LVNELTEFAK,768.43,582.319,2,4.72E+08,0.271714,1.5156
15603,46:00.0,NEC(Carbamidomethyl)FLSHK,653.603,517.74,2,1.53E+08,0.215763,1.69072
15603,46:00.0,SLHTLFGDELC(Carbamidomethyl)K,753.998,710.35,2,3.28E+07,-0.41812,1.51408
15603,46:00.0,TC(Carbamidomethyl)VADESHAGC(Carbamidomethyl)EK,0,0,0,0,0,0
15603,46:00.0,VPQVSTPTLVEVSR,762.129,756.425,2,9.63E+07,-0.383672,1.80087
15603,46:00.0,YIC(Carbamidomethyl)DNQDTISSK,679.211,722.325,2,2.41E+08,0.21197,1.87354
15606,00:00.0,EAC(Carbamidomethyl)FAVEGPK,712.083,554.261,2,1.18E+08,0.022106,2.04959
15606,00:00.0,EC(Carbamidomethyl)C(Carbamidomethyl)HGDLLEC(Carbamidomethyl)ADDR,694.23,583.893,3,7.94E+07,0.422226,1.74097
15606,00:00.0,EYEATLEEC(Carbamidomethyl)C(Carbamidomethyl)AK,700.232,751.81,2,8.06E+06,-0.402092,1.56858
15606,00:00.0,HLVDEPQNLIK,717.098,653.362,2,4.65E+08,0.316574,1.76196
15606,00:00.0,LVNELTEFAK,766.204,582.319,2,4.44E+08,0.20472,1.60343
15606,00:00.0,NEC(Carbamidomethyl)FLSHK,655.332,517.74,2,1.48E+08,0.201351,1.72594
15606,00:00.0,SLHTLFGDELC(Carbamidomethyl)K,752.875,710.35,2,3.05E+07,-0.307929,1.4797
15606,00:00.0,TC(Carbamidomethyl)VADESHAGC(Carbamidomethyl)EK,0,0,0,0,0,0
15606,00:00.0,VPQVSTPTLVEVSR,760.07,756.425,2,9.45E+07,-0.324133,1.62891
15606,00:00.0,YIC(Carbamidomethyl)DNQDTISSK,678.089,722.325,2,2.42E+08,0.214728,1.83134
15631,34:00.0,EAC(Carbamidomethyl)FAVEGPK,722.738,554.261,2,3.52E+08,-0.115512,2.31337
15631,34:00.0,EC(Carbamidomethyl)C(Carbamidomethyl)HGDLLEC(Carbamidomethyl)ADDR,702.401,583.892,3,1.64E+08,-0.00321362,2.16805
15631,34:00.0,EYEATLEEC(Carbamidomethyl)C(Carbamidomethyl)AK,709.7,751.81,2,2.12E+07,-0.386774,2.13473
15631,34:00.0,HLVDEPQNLIK,727.031,653.362,2,1.50E+09,0.229476,2.00221
15631,34:00.0,LVNELTEFAK,778.006,582.319,2,1.05E+09,0.116301,1.9164
15631,34:00.0,NEC(Carbamidomethyl)FLSHK,663.441,517.74,2,4.46E+08,0.0619268,2.01706
15631,34:00.0,SLHTLFGDELC(Carbamidomethyl)K,762.686,710.35,2,1.37E+08,-0.493261,1.94824
15631,34:00.0,TC(Carbamidomethyl)VADESHAGC(Carbamidomethyl)EK,0,0,0,0,0,0
15631,34:00.0,VPQVSTPTLVEVSR,771.667,756.425,2,3.04E+08,-0.4204,2.18716
15631,34:00.0,YIC(Carbamidomethyl)DNQDTISSK,687.269,722.325,2,6.13E+08,0.0851972,1.95479
15632,00:00.0,EAC(Carbamidomethyl)FAVEGPK,718.941,554.26,2,1.29E+08,-0.198133,2.33851
15632,00:00.0,EC(Carbamidomethyl)C(Carbamidomethyl)HGDLLEC(Carbamidomethyl)ADDR,698.458,583.892,3,9.26E+07,0.0416928,2.0822
15632,00:00.0,EYEATLEEC(Carbamidomethyl)C(Carbamidomethyl)AK,705.698,751.81,2,8.08E+06,-0.273205,1.89686
15632,00:00.0,HLVDEPQNLIK,723.831,653.362,2,5.21E+08,0.058054,2.0757
15632,00:00.0,LVNELTEFAK,774.423,582.319,2,5.35E+08,0.0900284,1.86813
15632,00:00.0,NEC(Carbamidomethyl)FLSHK,659.75,517.74,2,3.73E+08,0.0274358,1.82375
15632,00:00.0,SLHTLFGDELC(Carbamidomethyl)K,760.128,710.35,2,4.22E+07,-0.409257,1.52538
15632,00:00.0,TC(Carbamidomethyl)VADESHAGC(Carbamidomethyl)EK,0,0,0,0,0,0
15632,00:00.0,VPQVSTPTLVEVSR,768.181,756.425,2,1.30E+08,-0.386446,2.0567
15632,00:00.0,YIC(Carbamidomethyl)DNQDTISSK,682.596,722.325,2,5.38E+08,0.0206332,2.07845
15636,22:00.0,EAC(Carbamidomethyl)FAVEGPK,728.571,554.26,2,1.22E+08,-0.147311,2.20518
15636,22:00.0,EC(Carbamidomethyl)C(Carbamidomethyl)HGDLLEC(Carbamidomethyl)ADDR,709.809,583.892,3,6.58E+07,-0.0225265,2.09994
15636,22:00.0,EYEATLEEC(Carbamidomethyl)C(Carbamidomethyl)AK,717.038,751.81,2,8.33E+06,-0.17858,2.09489
15636,22:00.0,HLVDEPQNLIK,732.708,653.362,2,5.14E+08,0.0690054,2.01153
15636,22:00.0,LVNELTEFAK,784.652,582.319,2,5.03E+08,0.145038,1.94218
15636,22:00.0,NEC(Carbamidomethyl)FLSHK,664.86,517.74,2,2.03E+08,0.26437,2.01092
15636,22:00.0,SLHTLFGDELC(Carbamidomethyl)K,770.047,710.35,2,3.17E+07,-0.393641,1.91598
15636,22:00.0,TC(Carbamidomethyl)VADESHAGC(Carbamidomethyl)EK,0,0,0,0,0,0
15636,22:00.0,VPQVSTPTLVEVSR,778.128,756.425,2,1.35E+08,-0.272793,2.01583
15636,22:00.0,YIC(Carbamidomethyl)DNQDTISSK,693.254,722.325,2,2.54E+08,0.0357981,2.05881
15640,47:00.0,EAC(Carbamidomethyl)FAVEGPK,714.93,554.26,2,1.06E+08,-0.173819,2.33524
15640,47:00.0,EC(Carbamidomethyl)C(Carbamidomethyl)HGDLLEC(Carbamidomethyl)ADDR,694.525,583.892,3,4.31E+07,0.0137337,1.6222
15640,47:00.0,EYEATLEEC(Carbamidomethyl)C(Carbamidomethyl)AK,0,0,0,0,0,0
15640,47:00.0,HLVDEPQNLIK,720.173,653.362,2,4.13E+08,-0.0497131,1.95415
15640,47:00.0,LVNELTEFAK,771.377,582.319,2,3.89E+08,-0.0234598,1.79489
15640,47:00.0,NEC(Carbamidomethyl)FLSHK,652.083,517.74,2,1.59E+08,0.165526,1.93188
15640,47:00.0,SLHTLFGDELC(Carbamidomethyl)K,757.162,710.35,2,2.64E+07,-0.418183,1.85212
15640,47:00.0,TC(Carbamidomethyl)VADESHAGC(Carbamidomethyl)EK,0,0,3,0,0,0
15640,47:00.0,VPQVSTPTLVEVSR,765.229,756.425,2,1.09E+08,-0.401528,2.01663
15640,47:00.0,YIC(Carbamidomethyl)DNQDTISSK,676.445,722.325,2,2.10E+08,-0.0360916,1.97993
15643,59:00.0,EAC(Carbamidomethyl)FAVEGPK,715.88,554.261,2,1.16E+08,-0.0868406,2.3163
15643,59:00.0,EC(Carbamidomethyl)C(Carbamidomethyl)HGDLLEC(Carbamidomethyl)ADDR,696.823,583.892,3,5.70E+07,0.0861812,1.98192
15643,59:00.0,EYEATLEEC(Carbamidomethyl)C(Carbamidomethyl)AK,0,0,0,0,0,0
15643,59:00.0,HLVDEPQNLIK,721.058,653.362,2,4.96E+08,0.224663,2.18583
15643,59:00.0,LVNELTEFAK,773.154,582.319,2,4.24E+08,0.118298,1.7377
15643,59:00.0,NEC(Carbamidomethyl)FLSHK,656.682,517.74,2,1.63E+08,0.156711,2.12501
15643,59:00.0,SLHTLFGDELC(Carbamidomethyl)K,758.128,710.35,2,3.41E+07,-0.275785,1.13962
15643,59:00.0,TC(Carbamidomethyl)VADESHAGC(Carbamidomethyl)EK,0,0,0,0,0,0
15643,59:00.0,VPQVSTPTLVEVSR,766.777,756.425,2,1.22E+08,-0.387612,1.97662
15643,59:00.0,YIC(Carbamidomethyl)DNQDTISSK,680.545,722.325,2,2.27E+08,0.172322,2.26841
15646,11:00.0,EAC(Carbamidomethyl)FAVEGPK,714.599,554.26,2,1.08E+08,-0.154678,2.25076
15646,11:00.0,EC(Carbamidomethyl)C(Carbamidomethyl)HGDLLEC(Carbamidomethyl)ADDR,694.204,583.892,3,5.09E+07,-0.0472173,2.11866
15646,11:00.0,EYEATLEEC(Carbamidomethyl)C(Carbamidomethyl)AK,0,0,0,0,0,0
15646,11:00.0,HLVDEPQNLIK,719.801,653.362,2,3.78E+08,-0.0957211,1.78305
15646,11:00.0,LVNELTEFAK,769.429,582.319,2,4.17E+08,0.0436942,1.80149
15646,11:00.0,NEC(Carbamidomethyl)FLSHK,652.525,517.74,2,1.43E+08,0.109022,1.609
15646,11:00.0,SLHTLFGDELC(Carbamidomethyl)K,755.233,710.35,2,2.36E+07,-0.536808,1.80615
15646,11:00.0,TC(Carbamidomethyl)VADESHAGC(Carbamidomethyl)EK,0,0,0,0,0,0
15646,11:00.0,VPQVSTPTLVEVSR,763.161,756.425,2,1.09E+08,-0.432145,1.90535
15646,11:00.0,YIC(Carbamidomethyl)DNQDTISSK,677.315,722.325,2,1.92E+08,-0.0915708,1.92538
15649,17:00.0,EAC(Carbamidomethyl)FAVEGPK,716.201,554.261,2,1.26E+08,0.0500454,2.08243
15649,17:00.0,EC(Carbamidomethyl)C(Carbamidomethyl)HGDLLEC(Carbamidomethyl)ADDR,695.243,583.893,3,6.16E+07,0.252403,2.30178
15649,17:00.0,EYEATLEEC(Carbamidomethyl)C(Carbamidomethyl)AK,703.241,751.81,2,8.81E+06,-0.272383,2.06367
15649,17:00.0,HLVDEPQNLIK,721.196,653.362,2,4.70E+08,0.375841,1.95926
15649,17:00.0,LVNELTEFAK,770.799,582.319,2,4.77E+08,0.351886,1.71875
15649,17:00.0,NEC(Carbamidomethyl)FLSHK,653.715,517.74,2,1.53E+08,0.231117,1.60708
15649,17:00.0,SLHTLFGDELC(Carbamidomethyl)K,756.05,710.35,2,2.86E+07,-0.231833,1.67914
15649,17:00.0,TC(Carbamidomethyl)VADESHAGC(Carbamidomethyl)EK,0,0,0,0,0,0
15649,17:00.0,VPQVSTPTLVEVSR,764.663,756.425,2,1.27E+08,-0.350777,2.04898
15649,17:00.0,YIC(Carbamidomethyl)DNQDTISSK,679.366,722.325,2,2.32E+08,0.157768,2.0033
15735,29:00.0,EAC(Carbamidomethyl)FAVEGPK,714.925,554.261,2,1.27E+08,0.0268203,2.3079
15735,29:00.0,EC(Carbamidomethyl)C(Carbamidomethyl)HGDLLEC(Carbamidomethyl)ADDR,695.25,583.893,3,5.40E+07,0.230821,2.00941
15735,29:00.0,EYEATLEEC(Carbamidomethyl)C(Carbamidomethyl)AK,701.671,751.81,2,8.18E+06,-0.169968,2.0636
15735,29:00.0,HLVDEPQNLIK,719.959,653.362,2,4.85E+08,0.329041,1.90156
15735,29:00.0,LVNELTEFAK,771.744,582.319,2,4.35E+08,0.23112,1.75033
15735,29:00.0,NEC(Carbamidomethyl)FLSHK,656.53,517.74,2,1.58E+08,0.258775,2.11212
15735,29:00.0,SLHTLFGDELC(Carbamidomethyl)K,757.879,710.35,2,3.00E+07,-0.337299,1.82262
15735,29:00.0,TC(Carbamidomethyl)VADESHAGC(Carbamidomethyl)EK,0,0,0,0,0,0
15735,29:00.0,VPQVSTPTLVEVSR,765.438,756.425,2,1.22E+08,-0.344872,1.99255
15735,29:00.0,YIC(Carbamidomethyl)DNQDTISSK,679.185,722.325,2,2.41E+08,0.190273,2.12325
15741,42:00.0,EAC(Carbamidomethyl)FAVEGPK,717.001,554.261,2,1.00E+08,-0.116701,2.22589
15741,42:00.0,EC(Carbamidomethyl)C(Carbamidomethyl)HGDLLEC(Carbamidomethyl)ADDR,697.337,583.892,3,4.87E+07,-0.0365214,2.11459
15741,42:00.0,EYEATLEEC(Carbamidomethyl)C(Carbamidomethyl)AK,0,0,0,0,0,0
15741,42:00.0,HLVDEPQNLIK,722.356,653.362,2,4.61E+08,0.205427,2.18965
15741,42:00.0,LVNELTEFAK,775.509,582.319,2,3.98E+08,0.0547784,1.82998
15741,42:00.0,NEC(Carbamidomethyl)FLSHK,658.438,517.74,2,1.70E+08,0.191045,1.81145
15741,42:00.0,SLHTLFGDELC(Carbamidomethyl)K,760.674,710.35,2,2.50E+07,-0.626574,1.64044
15741,42:00.0,TC(Carbamidomethyl)VADESHAGC(Carbamidomethyl)EK,0,0,0,0,0,0
15741,42:00.0,VPQVSTPTLVEVSR,769.018,756.425,2,1.19E+08,-0.391199,1.90611
15741,42:00.0,YIC(Carbamidomethyl)DNQDTISSK,682.556,722.325,2,1.85E+08,0.0468125,1.92037
15744,54:00.0,EAC(Carbamidomethyl)FAVEGPK,717.624,554.261,2,1.05E+08,-0.0627215,2.31032
15744,54:00.0,EC(Carbamidomethyl)C(Carbamidomethyl)HGDLLEC(Carbamidomethyl)ADDR,696.825,583.892,3,4.61E+07,0.0734426,2.12423
15744,54:00.0,EYEATLEEC(Carbamidomethyl)C(Carbamidomethyl)AK,0,0,0,0,0,0
15744,54:00.0,HLVDEPQNLIK,723.249,653.362,2,3.99E+08,0.211465,2.1217
15744,54:00.0,LVNELTEFAK,772.786,582.319,2,4.25E+08,0.1463,1.86948
15744,54:00.0,NEC(Carbamidomethyl)FLSHK,656.806,517.74,2,1.38E+08,0.111278,1.94719
15744,54:00.0,SLHTLFGDELC(Carbamidomethyl)K,758.956,710.35,2,2.80E+07,-0.49547,1.84357
15744,54:00.0,TC(Carbamidomethyl)VADESHAGC(Carbamidomethyl)EK,0,0,0,0,0,0
15744,54:00.0,VPQVSTPTLVEVSR,766.738,756.425,2,1.22E+08,-0.390808,1.98295
15744,54:00.0,YIC(Carbamidomethyl)DNQDTISSK,680.552,722.325,2,1.98E+08,0.0550727,1.89217
15748,08:00.0,EAC(Carbamidomethyl)FAVEGPK,713.613,554.261,2,1.16E+08,-0.0264792,2.30708
15748,08:00.0,EC(Carbamidomethyl)C(Carbamidomethyl)HGDLLEC(Carbamidomethyl)ADDR,692.894,583.892,3,4.40E+07,0.086307,2.04703
15748,08:00.0,EYEATLEEC(Carbamidomethyl)C(Carbamidomethyl)AK,0,0,0,0,0,0
15748,08:00.0,HLVDEPQNLIK,718.546,653.362,2,4.31E+08,0.171334,1.97562
15748,08:00.0,LVNELTEFAK,766.944,582.319,2,4.24E+08,0.0628461,1.77554
15748,08:00.0,NEC(Carbamidomethyl)FLSHK,651.509,517.74,2,1.32E+08,0.234929,1.86422
15748,08:00.0,SLHTLFGDELC(Carbamidomethyl)K,752.423,710.35,2,2.98E+07,-0.412873,1.79914
15748,08:00.0,TC(Carbamidomethyl)VADESHAGC(Carbamidomethyl)EK,0,0,3,0,0,0
15748,08:00.0,VPQVSTPTLVEVSR,760.699,756.425,2,1.18E+08,-0.377294,1.96924
15748,08:00.0,YIC(Carbamidomethyl)DNQDTISSK,676.754,722.325,2,2.17E+08,0.319046,1.67396
15751,22:00.0,EAC(Carbamidomethyl)FAVEGPK,713.948,554.26,2,1.02E+08,-0.133049,2.10813
15751,22:00.0,EC(Carbamidomethyl)C(Carbamidomethyl)HGDLLEC(Carbamidomethyl)ADDR,694.272,583.892,3,4.08E+07,0.0941036,2.12594
15751,22:00.0,EYEATLEEC(Carbamidomethyl)C(Carbamidomethyl)AK,0,0,0,0,0,0
15751,22:00.0,HLVDEPQNLIK,719.023,653.362,2,4.69E+08,0.220539,1.82778
15751,22:00.0,LVNELTEFAK,768.422,582.319,2,4.24E+08,0.0956636,1.70843
15751,22:00.0,NEC(Carbamidomethyl)FLSHK,652.8,517.74,2,1.50E+08,0.158409,1.86971
15751,22:00.0,SLHTLFGDELC(Carbamidomethyl)K,754.322,710.35,2,2.76E+07,-0.53112,1.67745
15751,22:00.0,TC(Carbamidomethyl)VADESHAGC(Carbamidomethyl)EK,0,0,0,0,0,0
15751,22:00.0,VPQVSTPTLVEVSR,762.371,756.425,2,1.20E+08,-0.428357,1.879
15751,22:00.0,YIC(Carbamidomethyl)DNQDTISSK,678.743,722.325,2,2.00E+08,0.153038,1.86216
15754,37:00.0,EAC(Carbamidomethyl)FAVEGPK,713.935,554.261,2,1.04E+08,-0.0077517,2.14108
15754,37:00.0,EC(Carbamidomethyl)C(Carbamidomethyl)HGDLLEC(Carbamidomethyl)ADDR,694.221,583.892,3,4.19E+07,-0.000334296,2.00462
15754,37:00.0,EYEATLEEC(Carbamidomethyl)C(Carbamidomethyl)AK,0,0,0,0,0,0
15754,37:00.0,HLVDEPQNLIK,719.041,653.362,2,3.98E+08,0.21389,1.90004
15754,37:00.0,LVNELTEFAK,768.808,582.319,2,3.80E+08,0.154576,1.71651
15754,37:00.0,NEC(Carbamidomethyl)FLSHK,654.463,517.74,2,1.43E+08,0.280413,2.04275
15754,37:00.0,SLHTLFGDELC(Carbamidomethyl)K,754.535,710.35,2,2.62E+07,-0.243589,1.7311
15754,37:00.0,TC(Carbamidomethyl)VADESHAGC(Carbamidomethyl)EK,0,0,0,0,0,0
15754,37:00.0,VPQVSTPTLVEVSR,762.836,756.425,2,1.12E+08,-0.247074,1.89205
15754,37:00.0,YIC(Carbamidomethyl)DNQDTISSK,679.104,722.325,2,2.02E+08,0.236381,1.80473
15757,51:00.0,EAC(Carbamidomethyl)FAVEGPK,714.847,554.26,2,1.06E+08,-0.143754,2.24854
15757,51:00.0,EC(Carbamidomethyl)C(Carbamidomethyl)HGDLLEC(Carbamidomethyl)ADDR,694.414,583.892,3,4.39E+07,0.0494017,2.19246
15757,51:00.0,EYEATLEEC(Carbamidomethyl)C(Carbamidomethyl)AK,0,0,0,0,0,0
15757,51:00.0,HLVDEPQNLIK,720.038,653.362,2,4.32E+08,0.125037,1.94322
15757,51:00.0,LVNELTEFAK,768.97,582.319,2,4.08E+08,0.19645,1.75819
15757,51:00.0,NEC(Carbamidomethyl)FLSHK,653.245,517.74,2,1.59E+08,0.218807,1.81071
15757,51:00.0,SLHTLFGDELC(Carbamidomethyl)K,753.546,710.35,2,2.43E+07,-0.471945,1.79651
15757,51:00.0,TC(Carbamidomethyl)VADESHAGC(Carbamidomethyl)EK,0,0,0,0,0,0
15757,51:00.0,VPQVSTPTLVEVSR,762.36,756.425,2,1.16E+08,-0.394451,1.99612
15757,51:00.0,YIC(Carbamidomethyl)DNQDTISSK,679.001,722.325,2,2.08E+08,0.102781,1.7973